QID,VID,Ours,Baselines,,Ours R7 baseline lower,,Equal decision,
0,3MSZA,R5,R5,,405,,1898,0.511176946
1,3MSZA,R5,R5,,Ours R5 baseline lower,,,
2,3MSZA,R5,R5,,242,,,
3,3MSZA,R5,R7,,Ours R3 baseline lower,,,
4,AMT7R,R5,R7,,118,,,
5,YVKIV,R5,R5,,765,0.206032858,,
6,VXJS4,R5,R7,,,,,
7,VXJS4,R7,R7,,,,,
8,GBD1Y,R5,R5,,,,,
9,GBD1Y,R5,R5,,,,,
10,KVXJ9,R7,R7,,,,,
11,KVXJ9,R7,R7,,,,,
12,E6DLK,Else,Else,,,,,
13,E6DLK,R5,R7,,,,,
14,E6DLK,R5,R5,,,,,
15,E6DLK,R3,R3,,,,,
16,E6DLK,R5,R7,,,,,
17,E6DLK,R7,R7,,,,,
18,AKO6M,R3,R7,,,,,
19,AKO6M,Else,R5,,,,,
20,F7TG5,R5,R7,,,,,
21,F7TG5,R7,R3,,,,,
22,F7TG5,R5,R5,,,,,
23,F7TG5,R3,Else,,,,,
24,KOVTR,R3,R7,,,,,
25,KOVTR,R7,R7,,,,,
26,KOVTR,R5,R5,,,,,
27,FPJ9D,R7,R5,,,,,
28,5NV2Z,R5,R5,,,,,
29,5NV2Z,R3,R5,,,,,
30,5NV2Z,R7,R7,,,,,
31,5NV2Z,R7,R3,,,,,
32,Y1HGC,R5,R5,,,,,
33,Y1HGC,R7,R7,,,,,
34,9JZO2,R7,R7,,,,,
35,9JZO2,R7,R5,,,,,
36,9JZO2,R5,R7,,,,,
37,9JZO2,R7,R7,,,,,
38,9JZO2,R7,R5,,,,,
39,9JZO2,R7,R5,,,,,
40,9JZO2,Else,Else,,,,,
41,9JZO2,R7,R7,,,,,
42,9JZO2,R3,Else,,,,,
43,9JZO2,Else,R3,,,,,
44,9JZO2,R7,Else,,,,,
45,9JZO2,Else,R5,,,,,
46,4J1AP,R7,R7,,,,,
47,4J1AP,R5,R3,,,,,
48,V1WN7,R7,R7,,,,,
49,V1WN7,R5,R7,,,,,
50,V1WN7,R7,R7,,,,,
51,BL7OF,R3,R5,,,,,
52,BL7OF,Else,R5,,,,,
53,5C4EK,R7,R7,,,,,
54,S591U,Else,Else,,,,,
55,DLFPX,R7,R5,,,,,
56,9HG4Z,Else,Else,,,,,
57,I7AS7,R7,R7,,,,,
58,I7AS7,R7,R7,,,,,
59,I7AS7,Else,R5,,,,,
60,J48N6,Else,Else,,,,,
61,J48N6,Else,R5,,,,,
62,J48N6,Else,R3,,,,,
63,JVLAZ,R5,R5,,,,,
64,JVLAZ,R3,R5,,,,,
65,JVLAZ,R7,R7,,,,,
66,2RFLZ,R5,R5,,,,,
67,2RFLZ,Else,Else,,,,,
68,N3U9S,R7,R7,,,,,
69,J9T5D,R3,R7,,,,,
70,1CYLM,R7,R5,,,,,
71,1CYLM,R7,R7,,,,,
72,V2GC9,Else,R5,,,,,
73,V2GC9,Else,Else,,,,,
74,V2GC9,R5,R3,,,,,
75,V2GC9,R5,R7,,,,,
76,LGJAR,R7,R7,,,,,
77,ZHRPD,Else,Else,,,,,
78,ZHRPD,Else,R7,,,,,
79,43CCM,Else,R7,,,,,
80,43CCM,R7,R7,,,,,
81,YZ8HK,R3,Else,,,,,
82,2P7A9,R5,R3,,,,,
83,2P7A9,Else,R3,,,,,
84,2P7A9,R3,Else,,,,,
85,2P7A9,Else,Else,,,,,
86,2P7A9,Else,Else,,,,,
87,2P7A9,Else,Else,,,,,
88,1ZWPP,R3,Else,,,,,
89,1ZWPP,R7,R7,,,,,
90,1ZWPP,R7,R7,,,,,
91,QUXYH,Else,Else,,,,,
92,QUXYH,R7,R3,,,,,
93,QUXYH,R7,R7,,,,,
94,QUXYH,R5,R7,,,,,
95,QUXYH,R7,R7,,,,,
96,QUXYH,R7,R7,,,,,
97,V3SOF,Else,Else,,,,,
98,SY5QP,R5,R7,,,,,
99,SY5QP,R7,R7,,,,,
100,AOK1L,Else,Else,,,,,
101,AOK1L,Else,Else,,,,,
102,NBSPH,Else,R3,,,,,
103,NBSPH,R5,R7,,,,,
104,NBSPH,Else,R3,,,,,
105,HY4FS,R3,R3,,,,,
106,HY4FS,R7,R5,,,,,
107,YSE1G,R7,R7,,,,,
108,XMYXI,Else,Else,,,,,
109,XMYXI,Else,R3,,,,,
110,XMYXI,Else,Else,,,,,
111,XMYXI,Else,R3,,,,,
112,QLEN3,R7,R7,,,,,
113,YSKX3,R3,Else,,,,,
114,HBWLV,Else,Else,,,,,
115,XE19C,Else,Else,,,,,
116,XE19C,R5,Else,,,,,
117,XE19C,Else,Else,,,,,
118,W3SC3,R5,R3,,,,,
119,W3SC3,R5,R5,,,,,
120,W3SC3,R5,R5,,,,,
121,WKPQ3,R5,Else,,,,,
122,WKPQ3,Else,Else,,,,,
123,WKPQ3,Else,R7,,,,,
124,FXZI5,Else,R3,,,,,
125,OE2M1,Else,R7,,,,,
126,OE2M1,R7,R7,,,,,
127,OE2M1,R3,R7,,,,,
128,ZF7YA,R3,R3,,,,,
129,ZF7YA,R7,R7,,,,,
130,ZF7YA,Else,R3,,,,,
131,B82GJ,R7,R5,,,,,
132,FYYFX,Else,Else,,,,,
133,FYYFX,Else,R5,,,,,
134,FYYFX,R3,R3,,,,,
135,FYYFX,Else,Else,,,,,
136,FYYFX,Else,Else,,,,,
137,Q7IQI,Else,Else,,,,,
138,Q7IQI,Else,Else,,,,,
139,Q7IQI,R5,R5,,,,,
140,HSEH1,R5,R5,,,,,
141,HSEH1,R3,R5,,,,,
142,HSEH1,R5,R5,,,,,
143,6ZWSU,Else,Else,,,,,
144,6ZWSU,Else,Else,,,,,
145,6ZWSU,R5,R3,,,,,
146,6ZWSU,R7,R7,,,,,
147,6ZWSU,R5,R7,,,,,
148,6ZWSU,R7,R3,,,,,
149,6ZWSU,R7,R7,,,,,
150,V0ZD9,R7,R7,,,,,
151,V0ZD9,R7,R5,,,,,
152,AK2KG,R5,R7,,,,,
153,AK2KG,R7,R7,,,,,
154,AK2KG,R7,R5,,,,,
155,AK2KG,R5,R7,,,,,
156,AK2KG,R3,R7,,,,,
157,AK2KG,R7,R5,,,,,
158,8MQH6,R7,R7,,,,,
159,8MQH6,R7,R7,,,,,
160,8MQH6,R7,R7,,,,,
161,8MQH6,Else,Else,,,,,
162,MAUMO,R5,R7,,,,,
163,EHS68,Else,Else,,,,,
164,G30NS,Else,Else,,,,,
165,G30NS,Else,R3,,,,,
166,G30NS,Else,Else,,,,,
167,G30NS,R7,R3,,,,,
168,SUJWY,R7,R7,,,,,
169,SUJWY,R3,R7,,,,,
170,KERO6,Else,Else,,,,,
171,SV6KF,Else,R5,,,,,
172,SV6KF,R7,R7,,,,,
173,VCYH8,Else,Else,,,,,
174,VCYH8,Else,Else,,,,,
175,G852Y,Else,Else,,,,,
176,OKXIQ,Else,Else,,,,,
177,KB7WQ,R3,Else,,,,,
178,KB7WQ,Else,Else,,,,,
179,27DCQ,Else,R5,,,,,
180,UM5II,Else,Else,,,,,
181,UM5II,R5,R7,,,,,
182,UM5II,Else,Else,,,,,
183,UM5II,R5,Else,,,,,
184,XT9D4,Else,Else,,,,,
185,XT9D4,Else,Else,,,,,
186,XT9D4,R5,R5,,,,,
187,XT9D4,R5,R7,,,,,
188,1W6YY,R3,Else,,,,,
189,YOCRB,R5,R7,,,,,
190,YOCRB,R5,R7,,2,,,
191,ZDV60,R7,R7,,,,,
192,ZDV60,R7,R7,,,,,
193,ZDV60,R5,R7,,,,,
194,ZDV60,Else,Else,,,,,
195,GHC5X,Else,Else,,,,,
196,6IOV0,R3,R7,,,,,
197,6IOV0,Else,Else,,,,,
198,6IOV0,R5,R7,,,,,
199,OP2SS,Else,R3,,,,,
200,PPY0W,R5,R5,,,,,
201,DCV2M,R7,R7,,,,,
202,DCV2M,R5,R7,,,,,
203,TEV5K,Else,R7,,,,,
204,TEV5K,R7,R5,,,,,
205,TEV5K,R7,R5,,,,,
206,Q3BCC,R7,R7,,,,,
207,Q3BCC,Else,Else,,,,,
208,M8OYC,R5,R5,,,,,
209,FBOF0,R5,R7,,,,,
210,FBOF0,R5,Else,,,,,
211,D1NT7,Else,Else,,,,,
212,D1NT7,R3,Else,,,,,
213,D1NT7,Else,Else,,,,,
214,3UACJ,Else,Else,,,,,
215,U2AO1,Else,Else,,,,,
216,U2AO1,R7,R7,,,,,
217,U2AO1,R7,R5,,,,,
218,U2AO1,R7,R7,,,,,
219,U2AO1,R7,R7,,,,,
220,U2AO1,Else,R3,,,,,
221,3J9L5,R5,R7,,,,,
222,3J9L5,R5,R7,,,,,
223,XQVXF,R7,R5,,,,,
224,XQVXF,R3,R7,,,,,
225,XQVXF,R7,R7,,,,,
226,9LWQ6,R7,R7,,,,,
227,9LWQ6,R5,R7,,,,,
228,9LWQ6,R7,R7,,,,,
229,9LWQ6,R3,R5,,,,,
230,2ADJI,Else,Else,,,,,
231,2ADJI,Else,Else,,,,,
232,B1AMA,R7,R7,,,,,
233,LA6AA,R3,R5,,,,,
234,LA6AA,R5,R5,,,,,
235,YNWMW,R5,R5,,,,,
236,YNWMW,R7,R7,,,,,
237,YNWMW,R7,R7,,,,,
238,LUTIO,R3,Else,,,,,
239,Q6290,Else,R7,,,,,
240,Q6290,R3,R7,,,,,
241,Q6290,Else,R7,,,,,
242,TAQ25,R7,R7,,,,,
243,TAQ25,R7,R7,,,,,
244,TAQ25,R3,Else,,,,,
245,EEVD3,R7,R7,,,,,
246,EEVD3,R7,R7,,,,,
247,EEVD3,R7,R7,,,,,
248,EEVD3,R7,R7,,,,,
249,EEVD3,R7,R7,,,,,
250,EEVD3,Else,R5,,,,,
251,IOGR7,R7,R5,,,,,
252,2OREK,Else,Else,,,,,
253,JCT0K,R3,R7,,,,,
254,JCT0K,R5,R5,,,,,
255,H0P5D,Else,R7,,,,,
256,H0P5D,Else,Else,,,,,
257,BFCU9,R7,R7,,,,,
258,BFCU9,R7,R7,,,,,
259,BFCU9,R5,R7,,,,,
260,BFCU9,Else,Else,,,,,
261,BFCU9,Else,R7,,,,,
262,BFCU9,Else,R7,,,,,
263,BFCU9,R7,R7,,,,,
264,TUD6M,R5,R7,,,,,
265,TUD6M,R5,R5,,,,,
266,A3XXB,Else,R3,,,,,
267,A3XXB,R7,R7,,,,,
268,L5YHH,R7,R3,,,,,
269,L5YHH,Else,Else,,,,,
270,L5YHH,Else,Else,,,,,
271,GL2JW,R7,R7,,,,,
272,GL2JW,R7,R7,,,,,
273,GL2JW,R7,R7,,,,,
274,FAJEA,Else,R3,,,,,
275,FAJEA,R3,R3,,,,,
276,RXELU,R7,R5,,,,,
277,RXELU,R5,R5,,,,,
278,RXELU,Else,Else,,,,,
279,RXELU,R5,R7,,,,,
280,QCVZN,R7,R3,,,,,
281,5B9XE,R3,Else,,,,,
282,5B9XE,R3,Else,,,,,
283,5B9XE,R3,Else,,,,,
284,5B9XE,R3,R5,,,,,
285,5B9XE,R3,R5,,,,,
286,LKNZD,R5,R5,,,,,
287,0DVVD,R5,R3,,,,,
288,0DVVD,R3,R5,,,,,
289,U8M2P,Else,Else,,,,,
290,VAV4C,Else,Else,,,,,
291,VAV4C,Else,Else,,,,,
292,VAV4C,R5,Else,,,,,
293,VAV4C,Else,Else,,,,,
294,VAV4C,Else,Else,,,,,
295,6C0BK,R7,R7,,,,,
296,5CN21,Else,Else,,,,,
297,5CN21,Else,Else,,,,,
298,OTIA2,R7,R7,,,,,
299,OTIA2,R7,R7,,,,,
300,OTIA2,R7,R7,,,,,
301,OTIA2,R7,R7,,,,,
302,B4ED1,Else,Else,,,,,
303,86E2E,R5,R7,,,,,
304,86E2E,R3,R3,,,,,
305,86E2E,R7,R3,,,,,
306,86E2E,R7,Else,,,,,
307,86E2E,R3,R5,,,,,
308,86E2E,R7,R7,,,,,
309,86E2E,R7,Else,,,,,
310,86E2E,R7,Else,,,,,
311,YJ1KW,R7,R7,,,,,
312,YJ1KW,R5,R7,,,,,
313,DJ87X,R7,R7,,,,,
314,DJ87X,R7,R7,,,,,
315,DJ87X,R7,R5,,,,,
316,N0ZPI,R5,R5,,,,,
317,N0ZPI,R3,R5,,,,,
318,OVD84,R7,R7,,,,,
319,OVD84,R3,R7,,,,,
320,OVD84,R3,R7,,,,,
321,NW0KT,R3,R5,,,,,
322,NW0KT,R3,R7,,,,,
323,NW0KT,Else,Else,,,,,
324,8SDK5,R3,Else,,,,,
325,8SDK5,Else,Else,,,,,
326,95GB4,R3,R7,,,,,
327,95GB4,R5,R3,,,,,
328,95GB4,Else,Else,,,,,
329,95GB4,R5,R7,,,,,
330,95GB4,R7,R7,,,,,
331,95GB4,R5,R5,,,,,
332,95GB4,R7,R7,,,,,
333,TDAY1,Else,Else,,,,,
334,TDAY1,R5,R7,,,,,
335,NRGQB,Else,Else,,,,,
336,5R8BL,R5,Else,,,,,
337,5R8BL,R7,R5,,,,,
338,5R8BL,R7,R7,,,,,
339,BI4KK,R5,R7,,,,,
340,DU416,R5,R7,,,,,
341,NO1GJ,Else,Else,,,,,
342,NO1GJ,Else,Else,,,,,
343,NO1GJ,R5,Else,,,,,
344,NO1GJ,Else,Else,,,,,
345,NO1GJ,R5,Else,,,,,
346,NO1GJ,Else,Else,,,,,
347,NO1GJ,R7,Else,,,,,
348,7SNIO,R7,R5,,,,,
349,7SNIO,R7,R5,,,,,
350,7SNIO,R7,R5,,,,,
351,QOYH2,R5,R5,,,,,
352,QWKVM,Else,R7,,,,,
353,QWKVM,Else,Else,,,,,
354,QWKVM,R7,R7,,,,,
355,QWKVM,R7,R7,,,,,
356,COBS0,Else,R7,,,,,
357,TJZ0P,Else,R3,,,,,
358,TJZ0P,R3,Else,,,,,
359,TJZ0P,R7,R3,,,,,
360,TJZ0P,Else,R3,,,,,
361,759MY,Else,Else,,,,,
362,759MY,R5,R5,,,,,
363,759MY,R5,R5,,,,,
364,759MY,R5,R5,,,,,
365,F1V30,R3,Else,,,,,
366,F1V30,R7,R7,,,,,
367,U502L,R7,R5,,,,,
368,U502L,R5,R5,,,,,
369,OPPVW,R5,R7,,,,,
370,NI15V,R3,R3,,,,,
371,NI15V,R3,R5,,,,,
372,6HT0J,R7,R7,,,,,
373,6HT0J,Else,Else,,,,,
374,BM3UJ,R3,R5,,,,,
375,BM3UJ,R5,R7,,,,,
376,BM3UJ,R5,R7,,,,,
377,DM2XL,R7,R5,,,,,
378,DM2XL,R7,R7,,,,,
379,RQRRD,R7,R5,,,,,
380,RQRRD,R5,R5,,,,,
381,RQRRD,Else,R5,,,,,
382,RQRRD,R5,R5,,,,,
383,RQRRD,R5,Else,,,,,
384,S2FUO,R7,R7,,,,,
385,S2FUO,R7,R7,,,,,
386,S2FUO,R7,R3,,,,,
387,S2FUO,R7,R5,,,,,
388,36T5X,R3,Else,,,,,
389,36T5X,R3,R7,,,,,
390,36T5X,Else,R7,,,,,
391,36T5X,R5,R7,,,,,
392,36T5X,R5,Else,,,,,
393,AL1WC,Else,R7,,,,,
394,HOYUT,Else,R5,,,,,
395,L39A4,Else,Else,,,,,
396,4H64T,R3,Else,,,,,
397,4H64T,Else,Else,,,,,
398,4H64T,R5,Else,,,,,
399,4H64T,R5,R3,,,,,
400,4H64T,Else,Else,,,,,
401,AIJ0M,R3,R5,,,,,
402,AIJ0M,R3,Else,,,,,
403,AIJ0M,R7,R7,,,,,
404,FXGQI,R7,R3,,,,,
405,FXGQI,Else,Else,,,,,
406,KY2KA,Else,R5,,,,,
407,KY2KA,R7,R7,,,,,
408,KY2KA,Else,R5,,,,,
409,MNNJS,R7,R7,,,,,
410,MNNJS,R5,R5,,,,,
411,MNNJS,R3,Else,,,,,
412,QMIKJ,R7,R5,,,,,
413,QMIKJ,Else,R3,,,,,
414,QMIKJ,R3,R7,,,,,
415,HRASP,R3,R7,,,,,
416,HRASP,R5,R7,,,,,
417,HRASP,R5,R7,,,,,
418,HRASP,Else,Else,,,,,
419,UY0SK,R3,Else,,,,,
420,UY0SK,R7,Else,,,,,
421,UY0SK,Else,R5,,,,,
422,YQT32,R7,Else,,,,,
423,SJ4QF,R3,R7,,,,,
424,69R8T,Else,Else,,,,,
425,2Z8G8,R7,R7,,,,,
426,2Z8G8,R3,R7,,,,,
427,XVI3M,Else,R5,,,,,
428,XVI3M,R7,R7,,,,,
429,XVI3M,Else,R5,,,,,
430,Y3M3W,R3,R5,,,,,
431,URK3G,R5,Else,,,,,
432,URK3G,Else,Else,,,,,
433,URK3G,R5,R5,,,,,
434,URK3G,R7,R7,,,,,
435,G8NEV,R7,R5,,,,,
436,G8NEV,Else,Else,,,,,
437,G8NEV,Else,Else,,,,,
438,C0CMQ,R7,R7,,,,,
439,C0CMQ,R5,Else,,,,,
440,C0CMQ,R3,R5,,,,,
441,7XMBM,Else,Else,,,,,
442,7XMBM,Else,Else,,,,,
443,7XMBM,Else,Else,,,,,
444,61IVZ,R5,R7,,,,,
445,61IVZ,Else,R5,,,,,
446,61IVZ,Else,R5,,,,,
447,61IVZ,R7,Else,,,,,
448,61IVZ,R7,R5,,,,,
449,A33VQ,Else,Else,,,,,
450,A33VQ,R5,R7,,,,,
451,A33VQ,R5,R7,,,,,
452,ZMY8M,R5,R7,,,,,
453,ZMY8M,R5,R7,,,,,
454,ZMY8M,R7,R7,,,,,
455,ZMY8M,R3,R5,,,,,
456,ZMY8M,R7,R7,,,,,
457,ZMY8M,R7,R3,,,,,
458,39E0I,R7,R5,,,,,
459,T9Y1N,Else,Else,,,,,
460,T9Y1N,R5,Else,,,,,
461,T9Y1N,R5,Else,,,,,
462,T9Y1N,R5,R7,,,,,
463,0PU21,R5,R3,,,,,
464,AX46Z,R3,R3,,,,,
465,AX46Z,Else,R5,,,,,
466,AX46Z,Else,R5,,,,,
467,AX46Z,R5,R3,,,,,
468,9POJB,Else,Else,,,,,
469,9POJB,Else,Else,,,,,
470,9POJB,R5,Else,,,,,
471,9POJB,Else,Else,,,,,
472,K0FAG,Else,Else,,,,,
473,K0FAG,Else,Else,,,,,
474,N0G70,R7,R7,,,,,
475,N0G70,R7,R7,,,,,
476,SJ51G,Else,Else,,,,,
477,SJ51G,R5,R7,,,,,
478,SJ51G,R3,R7,,,,,
479,SJ51G,R5,R7,,,,,
480,SJ51G,R3,R3,,,,,
481,SJ51G,R3,R3,,,,,
482,SJ51G,R5,R7,,,,,
483,30I35,Else,Else,,,,,
484,30I35,R3,Else,,,,,
485,30I35,R3,Else,,,,,
486,30I35,Else,R3,,,,,
487,30I35,Else,Else,,,,,
488,MUWG4,Else,Else,,,,,
489,WD35N,R5,R5,,,,,
490,WD35N,Else,Else,,,,,
491,WD35N,R3,R5,,,,,
492,WD35N,R5,R5,,,,,
493,LLT3E,Else,R7,,,,,
494,LLT3E,Else,R3,,,,,
495,8UCK1,R7,R7,,,,,
496,8UCK1,R7,R7,,,,,
497,8UCK1,R7,R7,,,,,
498,4U8WV,R7,R7,,,,,
499,4U8WV,R3,Else,,,,,
500,LSFJG,Else,Else,,,,,
501,LSFJG,R3,R7,,,,,
502,LSFJG,Else,Else,,,,,
503,LSFJG,Else,Else,,,,,
504,LSFJG,R5,R5,,,,,
505,LSFJG,Else,Else,,,,,
506,LSFJG,Else,Else,,,,,
507,W0QSB,R7,R7,,,,,
508,5IPJA,R7,R5,,,,,
509,S7JTZ,R7,R7,,,,,
510,S7JTZ,R7,R7,,,,,
511,S7JTZ,R7,R3,,,,,
512,RVVDR,R5,R3,,,,,
513,RVVDR,R7,R3,,,,,
514,RVVDR,R3,R7,,,,,
515,RVVDR,R5,R7,,,,,
516,RVVDR,R5,R7,,,,,
517,T06AT,R5,R5,,,,,
518,T06AT,R3,R5,,,,,
519,T06AT,Else,Else,,,,,
520,TZ9FE,R7,R5,,,,,
521,TZ9FE,R3,R5,,,,,
522,TZ9FE,Else,Else,,,,,
523,TZ9FE,Else,Else,,,,,
524,T7ST5,Else,R7,,,,,
525,T7ST5,R7,R7,,,,,
526,IQA16,R3,R5,,,,,
527,IQA16,R3,R5,,,,,
528,IQA16,R3,R5,,,,,
529,IQA16,R3,R5,,,,,
530,M3OMM,Else,R7,,,,,
531,J7BOV,R7,R7,,,,,
532,RPXAC,R5,R5,,,,,
533,RLQ9K,R3,R5,,,,,
534,RLQ9K,R7,R5,,,,,
535,PRTAJ,R3,R5,,,,,
536,PRTAJ,Else,Else,,,,,
537,PRTAJ,R7,R5,,,,,
538,PRTAJ,R5,R7,,,,,
539,KZ36U,R7,R7,,,,,
540,KZ36U,Else,R7,,,,,
541,CD9GP,R7,R5,,,,,
542,7NXWU,R5,R7,,,,,
543,OHNUQ,Else,R5,,,,,
544,OHNUQ,Else,Else,,,,,
545,OHNUQ,Else,Else,,,,,
546,OHNUQ,Else,Else,,,,,
547,OHNUQ,Else,Else,,,,,
548,5VUT9,R7,R7,,,,,
549,5VUT9,R5,R5,,,,,
550,5VUT9,Else,Else,,,,,
551,5VUT9,R7,R7,,,,,
552,5VUT9,R3,R5,,,,,
553,FQS7O,R5,R5,,,,,
554,55NRK,R3,Else,,,,,
555,UNWMJ,R7,R7,,,,,
556,X9M5B,R7,R5,,,,,
557,9RRED,R5,R5,,,,,
558,9RRED,Else,R5,,,,,
559,9RRED,Else,Else,,,,,
560,9RRED,Else,Else,,,,,
561,9RRED,Else,Else,,,,,
562,9RRED,R5,R7,,,,,
563,9RRED,R5,Else,,,,,
564,IALUY,R3,R3,,,,,
565,IALUY,R5,R5,,,,,
566,IALUY,R5,R5,,,,,
567,HHNTA,R7,R3,,,,,
568,HHNTA,R7,R7,,,,,
569,HHNTA,R5,R5,,,,,
570,HHNTA,Else,Else,,,,,
571,HHNTA,R5,R7,,,,,
572,HHNTA,Else,Else,,,,,
573,HHNTA,Else,Else,,,,,
574,BM9NZ,R5,R5,,,,,
575,BM9NZ,Else,R7,,,,,
576,BM9NZ,R7,R7,,,,,
577,BM9NZ,R5,R5,,,,,
578,318CP,R5,R7,,,,,
579,318CP,R5,R5,,,,,
580,318CP,R7,R5,,,,,
581,318CP,R7,R5,,,,,
582,H608V,R5,R7,,,,,
583,H608V,Else,Else,,,,,
584,H608V,R7,R7,,,,,
585,H608V,R5,R7,,,,,
586,H608V,Else,Else,,,,,
587,H608V,R7,R7,,,,,
588,H608V,R7,R7,,,,,
589,IGZZG,R3,Else,,,,,
590,IGZZG,R5,R3,,,,,
591,IGZZG,Else,R5,,,,,
592,MPHFU,R7,R7,,,,,
593,MPHFU,R5,R7,,,,,
594,YYLKT,R3,R3,,,,,
595,YYLKT,R3,Else,,,,,
596,TUJF4,R7,R7,,,,,
597,TUJF4,R5,R3,,,,,
598,A2X7Q,R5,Else,,,,,
599,A2X7Q,R7,R7,,,,,
600,A2X7Q,R5,R5,,,,,
601,URAIM,R5,Else,,,,,
602,URAIM,R5,R3,,,,,
603,URAIM,R7,R7,,,,,
604,MBAA5,R3,Else,,,,,
605,MBAA5,Else,Else,,,,,
606,MBAA5,R5,R5,,,,,
607,MBAA5,R5,R5,,,,,
608,MBAA5,R5,Else,,,,,
609,MBAA5,R7,R5,,,,,
610,YE6TZ,R7,R3,,,,,
611,YE6TZ,Else,Else,,,,,
612,YE6TZ,R7,R7,,,,,
613,0TDOP,R5,R7,,,,,
614,0TDOP,R5,R7,,,,,
615,8B4ZP,Else,R5,,,,,
616,8B4ZP,Else,R3,,,,,
617,8B4ZP,R5,R5,,,,,
618,8B4ZP,R3,R5,,,,,
619,8B4ZP,Else,Else,,,,,
620,N0NLE,R5,R5,,,,,
621,N0NLE,Else,Else,,,,,
622,N0NLE,Else,Else,,,,,
623,AVL8A,R7,R7,,,,,
624,AVL8A,Else,R5,,,,,
625,7ZL8E,R3,R5,,,,,
626,7ZL8E,R3,Else,,,,,
627,7ZL8E,Else,R3,,,,,
628,7ZL8E,R5,R7,,,,,
629,V0WK7,Else,R5,,,,,
630,3JXKZ,R7,R5,,,,,
631,KQ6XW,R7,R7,,,,,
632,9TM1K,R7,Else,,,,,
633,9TM1K,R5,R3,,,,,
634,YMD74,R5,R5,,,,,
635,YMD74,Else,Else,,,,,
636,YMD74,Else,Else,,,,,
637,ATIAW,R7,R3,,,,,
638,ATIAW,Else,R5,,,,,
639,0UK3H,R5,R5,,,,,
640,KWZSA,R7,R7,,,,,
641,KWZSA,Else,Else,,,,,
642,KWZSA,R7,R7,,,,,
643,12XD3,R7,R5,,,,,
644,12XD3,Else,Else,,,,,
645,12XD3,R7,R5,,,,,
646,12XD3,Else,Else,,,,,
647,12XD3,Else,Else,,,,,
648,12XD3,Else,Else,,,,,
649,12XD3,Else,R5,,,,,
650,3Q6N1,R7,R5,,,,,
651,3Q6N1,Else,Else,,,,,
652,7XCAP,Else,Else,,,,,
653,7XCAP,R7,R7,,,,,
654,7XCAP,R7,R7,,,,,
655,7XCAP,R7,R7,,,,,
656,GY8P2,Else,Else,,,,,
657,GY8P2,Else,R5,,,,,
658,XK0QV,R3,R5,,,,,
659,1HZGH,R7,R5,,,,,
660,1HZGH,R7,R5,,,,,
661,1HZGH,R5,R3,,,,,
662,J5K87,Else,Else,,,,,
663,J5K87,R5,R7,,,,,
664,DR1ZU,Else,Else,,,,,
665,DR1ZU,Else,R7,,,,,
666,DR1ZU,R5,R7,,,,,
667,874F1,R5,R3,,,,,
668,QJM3B,R3,Else,,,,,
669,J6JNK,R7,R7,,,,,
670,J6JNK,R7,R5,,,,,
671,J6JNK,R7,R7,,,,,
672,J6JNK,R7,R7,,,,,
673,JVH7Q,Else,Else,,,,,
674,FQM2N,R7,R7,,,,,
675,FQM2N,R3,R3,,,,,
676,21WN7,Else,R7,,,,,
677,21WN7,R7,R7,,,,,
678,21WN7,R7,R7,,,,,
679,21WN7,R7,R7,,,,,
680,21WN7,R5,R3,,,,,
681,ECFMO,R5,R7,,,,,
682,ECFMO,Else,R5,,,,,
683,GIIF8,R7,R7,,,,,
684,75M1Z,R5,R5,,,,,
685,75M1Z,R5,R5,,,,,
686,75M1Z,R5,R3,,,,,
687,75M1Z,R3,R5,,,,,
688,J3Y7L,R5,R5,,,,,
689,J3Y7L,R3,R5,,,,,
690,TQYV1,R3,R3,,,,,
691,GKH0F,Else,Else,,,,,
692,RPY8D,R7,R7,,,,,
693,RPY8D,Else,Else,,,,,
694,UMTLM,R7,R7,,,,,
695,UMTLM,R7,R7,,,,,
696,FORXE,R7,R7,,,,,
697,FORXE,R7,R7,,,,,
698,FORXE,R3,R3,,,,,
699,3WMV4,R7,R7,,,,,
700,3WMV4,R5,R7,,,,,
701,3WMV4,Else,R5,,,,,
702,3WMV4,R7,R7,,,,,
703,C7G1S,R7,R7,,,,,
704,3AKML,Else,Else,,,,,
705,NDDHA,R5,R7,,,,,
706,NDDHA,R7,R5,,,,,
707,NDDHA,R7,R7,,,,,
708,NDDHA,R5,R7,,,,,
709,NDDHA,R5,R7,,,,,
710,NDDHA,R5,R7,,,,,
711,W8CWW,Else,Else,,,,,
712,W8CWW,Else,Else,,,,,
713,W8CWW,Else,Else,,,,,
714,11L5M,R7,R7,,,,,
715,11L5M,R5,R7,,,,,
716,11L5M,Else,Else,,,,,
717,E6ZBZ,R7,R7,,,,,
718,H0L5S,R7,R7,,,,,
719,H0L5S,R7,R3,,,,,
720,SW8VM,R7,R7,,,,,
721,F19VE,R5,R3,,,,,
722,F19VE,Else,Else,,,,,
723,44T8B,R5,R3,,,,,
724,O0349,R5,R7,,,,,
725,O0349,Else,R5,,,,,
726,O0349,R5,R7,,,,,
727,DSZYT,R5,R5,,,,,
728,DSZYT,R7,R7,,,,,
729,KCRQU,R7,R7,,,,,
730,KCRQU,R5,R7,,,,,
731,KCRQU,R7,R7,,,,,
732,NBMH9,R5,R5,,,,,
733,NBMH9,Else,R3,,,,,
734,NBMH9,R7,R3,,,,,
735,NBMH9,Else,R3,,,,,
736,NBMH9,R7,R3,,,,,
737,SW5TC,Else,Else,,,,,
738,SW5TC,Else,Else,,,,,
739,SW5TC,R5,Else,,,,,
740,SW5TC,Else,Else,,,,,
741,G2JR9,Else,Else,,,,,
742,G2JR9,Else,Else,,,,,
743,G2JR9,Else,Else,,,,,
744,G2JR9,R7,R5,,,,,
745,G2JR9,Else,Else,,,,,
746,G2JR9,Else,Else,,,,,
747,M9NAG,Else,R5,,,,,
748,M9NAG,R5,R5,,,,,
749,MS4GA,R5,R3,,,,,
750,MS4GA,R5,R5,,,,,
751,MS4GA,R5,R5,,,,,
752,MS4GA,R7,R7,,,,,
753,MS4GA,R3,R7,,,,,
754,MS4GA,R5,R5,,,,,
755,YW5QQ,R5,R5,,,,,
756,YW5QQ,Else,R7,,,,,
757,FYHTC,Else,Else,,,,,
758,FYHTC,Else,Else,,,,,
759,FYHTC,Else,Else,,,,,
760,FYHTC,Else,Else,,,,,
761,FKK5R,Else,R7,,,,,
762,FKK5R,R7,R3,,,,,
763,FKK5R,R7,R7,,,,,
764,FKK5R,R7,R5,,,,,
765,QYM5H,R7,R7,,,,,
766,QYM5H,Else,Else,,,,,
767,QYM5H,R7,R7,,,,,
768,77Z0Z,R3,R7,,,,,
769,51RLB,R7,R5,,,,,
770,3IPI3,R5,R5,,,,,
771,3IPI3,Else,Else,,,,,
772,L0HDB,R5,R7,,,,,
773,EZRQW,R7,R7,,,,,
774,I9CDV,Else,R3,,,,,
775,I9CDV,R3,Else,,,,,
776,I9CDV,R3,R5,,,,,
777,4683D,Else,Else,,,,,
778,4683D,R7,Else,,,,,
779,3HRNV,R3,R5,,,,,
780,K8MZH,R7,R7,,,,,
781,1TIAK,Else,Else,,,,,
782,TJJKK,R5,Else,,,,,
783,TJJKK,R7,Else,,,,,
784,TJJKK,Else,Else,,,,,
785,TJJKK,R3,R7,,,,,
786,41F2M,R5,R7,,,,,
787,41F2M,R7,R7,,,,,
788,41F2M,R7,R5,,,,,
789,SBM3M,R7,R5,,,,,
790,SBM3M,R7,R3,,,,,
791,W0XPU,R5,Else,,,,,
792,W0XPU,R7,Else,,,,,
793,W0XPU,R5,R5,,,,,
794,W0XPU,R3,Else,,,,,
795,W0XPU,R5,R7,,,,,
796,87Y64,Else,R3,,,,,
797,87Y64,R5,R7,,,,,
798,87Y64,R7,R3,,,,,
799,ZQKVY,R3,Else,,,,,
800,2Y8XQ,Else,Else,,,,,
801,2Y8XQ,Else,Else,,,,,
802,2Y8XQ,Else,Else,,,,,
803,2Y8XQ,R7,R7,,,,,
804,JR6VG,R5,R7,,,,,
805,JR6VG,R3,R5,,,,,
806,JR6VG,R3,R3,,,,,
807,JR6VG,R7,R7,,,,,
808,AAQHJ,R7,R7,,,,,
809,AAQHJ,Else,Else,,,,,
810,AAQHJ,R5,Else,,,,,
811,AAQHJ,R3,R5,,,,,
812,AAQHJ,Else,R5,,,,,
813,AAQHJ,R7,R7,,,,,
814,AAQHJ,Else,R5,,,,,
815,GG3K5,R5,R7,,,,,
816,GG3K5,R7,R3,,,,,
817,GG3K5,R7,R7,,,,,
818,GG3K5,R7,Else,,,,,
819,1XBU2,Else,R7,,,,,
820,LLQBB,R3,R3,,,,,
821,LLQBB,R7,R7,,,,,
822,LLQBB,Else,R3,,,,,
823,LLQBB,R5,R7,,,,,
824,LLQBB,R7,R5,,,,,
825,LLQBB,R5,R7,,,,,
826,BB7WL,R5,R3,,,,,
827,ZX37G,R5,R5,,,,,
828,RX7TC,Else,R5,,,,,
829,RX7TC,R3,Else,,,,,
830,GFK4S,R3,R7,,,,,
831,GFK4S,R3,R3,,,,,
832,H5CJD,Else,R5,,,,,
833,F5UVQ,R5,R7,,,,,
834,F5UVQ,R7,R7,,,,,
835,F5UVQ,R7,R7,,,,,
836,MSACP,Else,Else,,,,,
837,VIN5T,R3,R5,,,,,
838,D1WYU,Else,Else,,,,,
839,D1WYU,R7,R7,,,,,
840,D1WYU,R5,R7,,,,,
841,D1WYU,Else,Else,,,,,
842,D1WYU,Else,Else,,,,,
843,IONV9,Else,R3,,,,,
844,IONV9,Else,R5,,,,,
845,IONV9,R3,R7,,,,,
846,IDXZK,R3,R7,,,,,
847,IDXZK,R5,R7,,,,,
848,79VVK,R7,R5,,,,,
849,79VVK,R5,R7,,,,,
850,YACA8,R5,R5,,,,,
851,VG7S6,Else,Else,,,,,
852,VG7S6,R3,Else,,,,,
853,C46TD,Else,Else,,,,,
854,C46TD,R7,R3,,,,,
855,C46TD,Else,R7,,,,,
856,C46TD,R7,R7,,,,,
857,C46TD,R7,R7,,,,,
858,C46TD,R7,R7,,,,,
859,9J0RB,R7,R3,,,,,
860,9J0RB,R5,R7,,,,,
861,9J0RB,R7,R5,,,,,
862,9J0RB,R7,R5,,,,,
863,9J0RB,R7,R7,,,,,
864,ZIP18,Else,R3,,,,,
865,ZIP18,R7,R7,,,,,
866,ZIP18,R7,R7,,,,,
867,ZIP18,R5,R7,,,,,
868,ZIP18,R3,R3,,,,,
869,3N1I2,R7,R7,,,,,
870,337O2,R5,R7,,,,,
871,LE7PM,Else,Else,,,,,
872,VJ0LT,R5,R5,,,,,
873,VJ0LT,R7,R7,,,,,
874,VJ0LT,R5,R7,,,,,
875,VJ0LT,R5,R5,,,,,
876,VJ0LT,R5,R5,,,,,
877,TCI7K,R7,R5,,,,,
878,QE4YE,Else,R3,,,,,
879,QE4YE,R5,R7,,,,,
880,XO8NL,R5,R7,,,,,
881,XO8NL,R7,R7,,,,,
882,XO8NL,R7,R5,,,,,
883,CM6T8,R7,R7,,,,,
884,CM6T8,R7,R7,,,,,
885,CM6T8,Else,R5,,,,,
886,QI0EL,R3,R3,,,,,
887,QI0EL,R5,R3,,,,,
888,ICQUJ,R3,Else,,,,,
889,ICQUJ,R7,R3,,,,,
890,I87SH,R5,R5,,,,,
891,I87SH,R5,R5,,,,,
892,I87SH,R7,R7,,,,,
893,I87SH,R5,R7,,,,,
894,I87SH,R5,R7,,,,,
895,BDY1V,R5,R5,,,,,
896,BDY1V,R5,R7,,,,,
897,BDY1V,R3,R3,,,,,
898,AFCDN,Else,R7,,,,,
899,AFCDN,R5,R5,,,,,
900,AFCDN,Else,R5,,,,,
901,KA09C,R7,R7,,,,,
902,KA09C,R7,R5,,,,,
903,KA09C,R7,R5,,,,,
904,KA09C,R7,R7,,,,,
905,CUSTU,R5,R5,,,,,
906,CUSTU,R5,R5,,,,,
907,CUSTU,R5,Else,,,,,
908,Q38XP,R3,R5,,,,,
909,SLHDI,R3,Else,,,,,
910,SLHDI,Else,Else,,,,,
911,SLHDI,R5,R7,,,,,
912,SLHDI,Else,Else,,,,,
913,SLHDI,R5,R5,,,,,
914,SLHDI,R3,R7,,,,,
915,SLHDI,Else,R3,,,,,
916,XKU2U,Else,R3,,,,,
917,XKU2U,R5,R5,,,,,
918,XKU2U,R3,R7,,,,,
919,XKU2U,R3,R3,,,,,
920,ULD0T,R3,Else,,,,,
921,ULD0T,R5,Else,,,,,
922,SLT0S,R3,R3,,,,,
923,J3RP9,Else,Else,,,,,
924,BI6Y4,Else,Else,,,,,
925,BI6Y4,R5,R3,,,,,
926,BI6Y4,Else,Else,,,,,
927,BI6Y4,Else,Else,,,,,
928,BI6Y4,Else,Else,,,,,
929,735W9,R7,R5,,,,,
930,735W9,R5,Else,,,,,
931,1FIGA,R7,R3,,,,,
932,1FIGA,Else,R3,,,,,
933,1FIGA,R5,R5,,,,,
934,1FIGA,R7,R5,,,,,
935,1FIGA,R3,R3,,,,,
936,1FIGA,R5,R7,,,,,
937,1FIGA,Else,Else,,,,,
938,LZ2Y4,R7,R7,,,,,
939,LZ2Y4,R7,R7,,,,,
940,LZ2Y4,R7,R7,,,,,
941,LZ2Y4,R7,R3,,,,,
942,M4Z0M,Else,R5,,,,,
943,M4Z0M,R5,R7,,,,,
944,YPRUL,R5,R7,,,,,
945,YPRUL,Else,R7,,,,,
946,YPRUL,R7,R5,,,,,
947,YPRUL,R7,R5,,,,,
948,K7NRW,R5,Else,,,,,
949,K7NRW,R5,Else,,,,,
950,K7NRW,Else,R7,,,,,
951,K7NRW,R7,R7,,,,,
952,K7NRW,R7,R7,,,,,
953,K7NRW,Else,Else,,,,,
954,K7NRW,R3,R5,,,,,
955,KZS5M,R5,R5,,,,,
956,KZS5M,R7,R7,,,,,
957,KZS5M,R5,R7,,,,,
958,KZS5M,Else,Else,,,,,
959,KZS5M,R5,R7,,,,,
960,KZS5M,R5,Else,,,,,
961,DO48Z,Else,R7,,,,,
962,DO48Z,Else,Else,,,,,
963,DO48Z,Else,Else,,,,,
964,DO48Z,Else,R7,,,,,
965,JNK11,Else,Else,,,,,
966,JNK11,R7,R7,,,,,
967,TH3M0,Else,R7,,,,,
968,TH3M0,Else,R5,,,,,
969,TH3M0,R5,R5,,,,,
970,TH3M0,R3,R3,,,,,
971,TH3M0,Else,R7,,,,,
972,TH3M0,R5,R5,,,,,
973,2B577,R5,R5,,,,,
974,2B577,R3,R3,,,,,
975,JXTAD,Else,R5,,,,,
976,JXTAD,R5,R7,,,,,
977,5R7VN,R7,R7,,,,,
978,5R7VN,R7,R7,,,,,
979,5R7VN,R7,R7,,,,,
980,5R7VN,R7,R7,,,,,
981,5R7VN,R7,R7,,,,,
982,N56QO,Else,R3,,,,,
983,N56QO,R7,R7,,,,,
984,1RD2K,R5,R5,,,,,
985,1RD2K,R7,R5,,,,,
986,TKAUR,Else,R3,,,,,
987,TKAUR,R7,R7,,,,,
988,TKAUR,R7,R7,,,,,
989,TKAUR,R7,R7,,,,,
990,TKAUR,R7,R7,,,,,
991,TKAUR,Else,Else,,,,,
992,TKAUR,R7,R5,,,,,
993,W7EDM,Else,Else,,,,,
994,W7EDM,R7,R5,,,,,
995,W7EDM,Else,R3,,,,,
996,W7EDM,R7,R7,,,,,
997,W7EDM,R3,R7,,,,,
998,HSKVH,Else,Else,,,,,
999,HSKVH,R5,R7,,,,,
1000,TQO6O,Else,Else,,,,,
1001,P0CET,R5,R5,,,,,
1002,OEM65,R7,R7,,,,,
1003,B6XQZ,R3,R5,,,,,
1004,B6XQZ,Else,Else,,,,,
1005,G2DIN,R5,R7,,,,,
1006,G2DIN,Else,Else,,,,,
1007,G2DIN,R3,R5,,,,,
1008,G2DIN,Else,R3,,,,,
1009,3LN8C,R7,Else,,,,,
1010,3LN8C,R5,Else,,,,,
1011,3LN8C,R5,Else,,,,,
1012,B0XI9,R5,R5,,,,,
1013,B0XI9,R5,R7,,,,,
1014,B0XI9,R7,R7,,,,,
1015,B0XI9,R5,R7,,,,,
1016,V8IGX,R7,R7,,,,,
1017,V8IGX,R3,R3,,,,,
1018,V8IGX,R7,R7,,,,,
1019,V8IGX,R7,R7,,,,,
1020,V8IGX,R7,R7,,,,,
1021,TCJCJ,R3,R7,,,,,
1022,TCJCJ,R7,R7,,,,,
1023,J59UP,R7,R7,,,,,
1024,J59UP,R7,R7,,,,,
1025,Z3H4P,Else,Else,,,,,
1026,W65SM,R5,R5,,,,,
1027,BIQGN,Else,Else,,,,,
1028,BIQGN,R5,Else,,,,,
1029,BIQGN,Else,Else,,,,,
1030,BIQGN,Else,R5,,,,,
1031,IKYAW,R3,R5,,,,,
1032,IKYAW,R3,R3,,,,,
1033,7V4NJ,R7,R5,,,,,
1034,7V4NJ,R7,R5,,,,,
1035,XGS3K,R3,R5,,,,,
1036,XGS3K,R7,R7,,,,,
1037,XGS3K,R7,R5,,,,,
1038,LXEPT,R3,R5,,,,,
1039,LXEPT,Else,Else,,,,,
1040,LXEPT,Else,Else,,,,,
1041,Y2MGC,R7,R7,,,,,
1042,Y2MGC,R5,R5,,,,,
1043,Y2MGC,R5,R7,,,,,
1044,Y2MGC,R5,R7,,,,,
1045,Y2MGC,R3,R5,,,,,
1046,Y2MGC,R3,Else,,,,,
1047,IWTWJ,R7,Else,,,,,
1048,IWTWJ,R7,R7,,,,,
1049,IWTWJ,R5,Else,,,,,
1050,IWTWJ,R5,Else,,,,,
1051,5HPZ1,Else,R7,,,,,
1052,5HPZ1,R7,R5,,,,,
1053,5HPZ1,Else,R5,,,,,
1054,5HPZ1,Else,Else,,,,,
1055,5HPZ1,Else,R5,,,,,
1056,VNMNF,R3,R7,,,,,
1057,VNMNF,R7,R7,,,,,
1058,9U82D,R5,R3,,,,,
1059,9U82D,R7,R7,,,,,
1060,FTYFA,R7,R7,,,,,
1061,FTYFA,R3,R7,,,,,
1062,FTYFA,R7,R7,,,,,
1063,FTYFA,Else,R7,,,,,
1064,FTYFA,Else,R7,,,,,
1065,GZF5F,R7,R5,,,,,
1066,QSVXJ,R5,R7,,,,,
1067,QSVXJ,R5,R7,,,,,
1068,MHAGN,R5,R3,,,,,
1069,MHAGN,R7,R7,,,,,
1070,MHAGN,R7,R7,,,,,
1071,OZ02A,Else,R3,,,,,
1072,OZ02A,R3,R7,,,,,
1073,OZ02A,Else,Else,,,,,
1074,OZ02A,Else,Else,,,,,
1075,ODM20,R7,R5,,,,,
1076,ODM20,R5,R5,,,,,
1077,ODM20,R5,Else,,,,,
1078,ODM20,R5,R7,,,,,
1079,MUE2B,R3,R3,,,,,
1080,MUE2B,R7,R7,,,,,
1081,MUE2B,R3,R3,,,,,
1082,MUE2B,R3,R7,,,,,
1083,MUE2B,R7,R7,,,,,
1084,MUE2B,Else,Else,,,,,
1085,7RXMM,R5,R7,,,,,
1086,7RXMM,Else,Else,,,,,
1087,ETDTU,Else,R5,,,,,
1088,9EEGQ,Else,Else,,,,,
1089,9EEGQ,Else,Else,,,,,
1090,9EEGQ,R7,R3,,,,,
1091,LV4U7,R3,R3,,,,,
1092,LV4U7,R3,R7,,,,,
1093,LV4U7,R3,R5,,,,,
1094,LV4U7,R7,R3,,,,,
1095,I6TPS,R3,R7,,,,,
1096,ZDWM7,R7,R7,,,,,
1097,ZDWM7,R3,R7,,,,,
1098,ZDWM7,R5,R7,,,,,
1099,2AG8W,R5,R5,,,,,
1100,2AG8W,R7,R7,,,,,
1101,2AG8W,R7,R3,,,,,
1102,EFADI,R3,Else,,,,,
1103,D4D2T,R7,R7,,,,,
1104,D4D2T,Else,R3,,,,,
1105,D4D2T,R7,R7,,,,,
1106,D4D2T,R3,R5,,,,,
1107,3C1ZN,R5,R3,,,,,
1108,XJA7Z,R5,R7,,,,,
1109,XJA7Z,Else,R7,,,,,
1110,XJA7Z,Else,Else,,,,,
1111,XJA7Z,R7,R7,,,,,
1112,VD58Y,Else,R7,,,,,
1113,VD58Y,R7,R7,,,,,
1114,8HW76,R5,R5,,,,,
1115,NKE77,R7,R5,,,,,
1116,NKE77,R3,R7,,,,,
1117,NBKCK,R7,R7,,,,,
1118,NBKCK,R7,R7,,,,,
1119,N2WXN,R3,R5,,,,,
1120,X2JBJ,R5,R5,,,,,
1121,DPLMM,R7,R7,,,,,
1122,DPLMM,R7,R7,,,,,
1123,0SFYS,R5,R5,,,,,
1124,1F706,R7,R7,,,,,
1125,1F706,R7,R7,,,,,
1126,1F706,R5,R7,,,,,
1127,1F706,Else,Else,,,,,
1128,1F706,R7,Else,,,,,
1129,XXS99,R7,R7,,,,,
1130,XXS99,R7,Else,,,,,
1131,XXS99,R3,R3,,,,,
1132,727IZ,R3,R7,,,,,
1133,727IZ,Else,Else,,,,,
1134,727IZ,R5,R7,,,,,
1135,727IZ,R3,R5,,,,,
1136,N86ED,Else,R7,,,,,
1137,N86ED,R5,R5,,,,,
1138,N86ED,R7,R7,,,,,
1139,N86ED,R3,R3,,,,,
1140,NACLT,R7,R7,,,,,
1141,NACLT,R3,R7,,,,,
1142,KGO3W,Else,R5,,,,,
1143,KGO3W,Else,R5,,,,,
1144,KGO3W,R3,R5,,,,,
1145,SCFIN,Else,Else,,,,,
1146,SCFIN,Else,Else,,,,,
1147,TRHT1,R5,Else,,,,,
1148,TRHT1,R7,R3,,,,,
1149,A9YQJ,R3,R7,,,,,
1150,A9YQJ,R7,R7,,,,,
1151,A9YQJ,R7,R7,,,,,
1152,8RU1Q,R3,R5,,,,,
1153,8RU1Q,R3,R5,,,,,
1154,J5DOP,R3,R7,,,,,
1155,J5DOP,R3,R7,,,,,
1156,J5DOP,R3,R7,,,,,
1157,J5DOP,R7,R7,,,,,
1158,5TYXL,Else,Else,,,,,
1159,FV8CK,Else,Else,,,,,
1160,H46LQ,R7,Else,,,,,
1161,WUTHF,Else,Else,,,,,
1162,WUTHF,Else,Else,,,,,
1163,WUTHF,Else,Else,,,,,
1164,1NJOQ,R5,R5,,,,,
1165,1NJOQ,R3,R3,,,,,
1166,1NJOQ,R5,Else,,,,,
1167,1NJOQ,Else,Else,,,,,
1168,1NJOQ,R5,R5,,,,,
1169,LDNE2,Else,Else,,,,,
1170,13XM4,R7,R7,,,,,
1171,13XM4,R3,R3,,,,,
1172,13XM4,R7,R7,,,,,
1173,13XM4,Else,Else,,,,,
1174,2443O,R5,R3,,,,,
1175,2443O,R5,R5,,,,,
1176,3R4DD,R5,R7,,,,,
1177,3R4DD,R5,R7,,,,,
1178,3R4DD,R7,R7,,,,,
1179,SUG5S,R7,R7,,,,,
1180,SUG5S,Else,Else,,,,,
1181,SUG5S,R7,R5,,,,,
1182,SUG5S,R7,R5,,,,,
1183,SUG5S,Else,Else,,,,,
1184,X4BQG,R3,R7,,,,,
1185,X4BQG,R5,R3,,,,,
1186,X4BQG,R5,R5,,,,,
1187,OETY6,R5,R7,,,,,
1188,OETY6,Else,Else,,,,,
1189,4UXE3,R5,R5,,,,,
1190,4UXE3,R5,R3,,,,,
1191,LFDQF,R5,R7,,,,,
1192,LFDQF,R7,R7,,,,,
1193,Y0MCG,R5,R7,,,,,
1194,5EEXF,R7,R5,,,,,
1195,5EEXF,R7,R7,,,,,
1196,5EEXF,Else,Else,,,,,
1197,5EEXF,Else,Else,,,,,
1198,5EEXF,R5,Else,,,,,
1199,5EEXF,Else,Else,,,,,
1200,5EEXF,R5,R5,,,,,
1201,5EEXF,R3,R3,,,,,
1202,YFJ9U,Else,R7,,,,,
1203,4YBN9,R5,R5,,,,,
1204,4YBN9,R5,R5,,,,,
1205,XRU9O,R3,Else,,,,,
1206,XRU9O,Else,Else,,,,,
1207,XRU9O,Else,Else,,,,,
1208,PC7H2,R3,R5,,,,,
1209,PC7H2,R3,R5,,,,,
1210,PC7H2,R5,R5,,,,,
1211,PC7H2,R5,R5,,,,,
1212,E002I,R7,R7,,,,,
1213,E002I,R7,R7,,,,,
1214,E002I,R7,R7,,,,,
1215,E002I,R7,R5,,,,,
1216,E002I,R7,R7,,,,,
1217,E002I,R7,R5,,,,,
1218,E002I,R3,R3,,,,,
1219,E002I,R3,Else,,,,,
1220,E002I,R7,R7,,,,,
1221,5GHV3,R7,R7,,,,,
1222,5GHV3,Else,R7,,,,,
1223,TDGNE,Else,R7,,,,,
1224,TDGNE,R7,R3,,,,,
1225,1P7GJ,R5,R7,,,,,
1226,MB281,R3,R5,,,,,
1227,MB281,R5,R5,,,,,
1228,MB281,R5,R5,,,,,
1229,MB281,Else,R5,,,,,
1230,7E2AJ,R3,R5,,,,,
1231,7E2AJ,R3,Else,,,,,
1232,7E2AJ,R7,R5,,,,,
1233,7E2AJ,R5,Else,,,,,
1234,7E2AJ,Else,Else,,,,,
1235,ZZ3HT,R3,R3,,,,,
1236,ZZ3HT,Else,R5,,,,,
1237,ZZ3HT,Else,R3,,,,,
1238,0J471,R7,R3,,,,,
1239,0J471,R7,R7,,,,,
1240,0J471,R7,R7,,,,,
1241,0J471,R7,R7,,,,,
1242,HG7C2,R3,R7,,,,,
1243,HG7C2,Else,Else,,,,,
1244,HG7C2,Else,R5,,,,,
1245,S5KQ1,R5,R5,,,,,
1246,S5KQ1,R5,R5,,,,,
1247,S5KQ1,R3,R5,,,,,
1248,S5KQ1,R3,R5,,,,,
1249,YIIFF,R5,R7,,,,,
1250,YIIFF,R3,R5,,,,,
1251,IIL9C,R5,R7,,,,,
1252,IIL9C,Else,Else,,,,,
1253,IIL9C,R5,R7,,,,,
1254,IIL9C,Else,Else,,,,,
1255,SBI6Z,R7,R5,,,,,
1256,9J7EW,R5,R3,,,,,
1257,9J7EW,R5,R3,,,,,
1258,9J7EW,Else,Else,,,,,
1259,9J7EW,Else,R5,,,,,
1260,DLOS7,R7,R5,,,,,
1261,DLOS7,R3,R5,,,,,
1262,DLOS7,R7,R7,,,,,
1263,DLOS7,R7,R7,,,,,
1264,1F4JZ,R5,R5,,,,,
1265,YHXU9,R5,R7,,,,,
1266,KS5JT,R7,R5,,,,,
1267,KS5JT,R5,R5,,,,,
1268,KS5JT,R5,R7,,,,,
1269,HQ8BB,R5,R5,,,,,
1270,HQ8BB,Else,Else,,,,,
1271,HQ8BB,R5,R7,,,,,
1272,AGGSE,R5,R7,,,,,
1273,3W1GP,Else,Else,,,,,
1274,3W1GP,R3,Else,,,,,
1275,3W1GP,Else,Else,,,,,
1276,3W1GP,Else,R3,,,,,
1277,3W1GP,R5,R7,,,,,
1278,3W1GP,Else,Else,,,,,
1279,3W1GP,Else,Else,,,,,
1280,3W1GP,R7,R7,,,,,
1281,OQSXX,Else,R7,,,,,
1282,OQSXX,R5,R7,,,,,
1283,OQSXX,R3,R7,,,,,
1284,ZXHCH,Else,R5,,,,,
1285,ZXHCH,Else,R3,,,,,
1286,ZXHCH,R7,R5,,,,,
1287,3MV13,R7,R7,,,,,
1288,65ULK,R5,R5,,,,,
1289,RMKOC,R7,R5,,,,,
1290,RMKOC,Else,R5,,,,,
1291,8O07M,R7,Else,,,,,
1292,8O07M,R5,Else,,,,,
1293,BEAAA,R5,Else,,,,,
1294,BEAAA,R3,R5,,,,,
1295,BEAAA,R3,R5,,,,,
1296,BEAAA,Else,Else,,,,,
1297,BEAAA,R5,R3,,,,,
1298,BEAAA,R7,R7,,,,,
1299,BEAAA,R5,R5,,,,,
1300,T96JC,Else,Else,,,,,
1301,0QAZ7,Else,Else,,,,,
1302,0QAZ7,Else,Else,,,,,
1303,FRGXE,R3,R5,,,,,
1304,FRGXE,Else,Else,,,,,
1305,3T785,R7,Else,,,,,
1306,3T785,R5,Else,,,,,
1307,4NHRT,R7,Else,,,,,
1308,4NHRT,Else,Else,,,,,
1309,ONVGA,R3,R7,,,,,
1310,WT46G,Else,Else,,,,,
1311,WT46G,R7,R5,,,,,
1312,WT46G,Else,Else,,,,,
1313,8V8HC,R7,R7,,,,,
1314,8V8HC,R7,R3,,,,,
1315,8V8HC,R7,R7,,,,,
1316,D7W4E,Else,Else,,,,,
1317,D7W4E,Else,R5,,,,,
1318,D7W4E,Else,Else,,,,,
1319,Q3Z4V,R7,R5,,,,,
1320,ZYJJF,R7,R7,,,,,
1321,T9N9R,Else,Else,,,,,
1322,74WSB,Else,Else,,,,,
1323,5D85P,R5,R7,,,,,
1324,VVQYB,Else,R3,,,,,
1325,P3CLM,R5,R5,,,,,
1326,P3CLM,R5,R5,,,,,
1327,AWR2R,R5,R5,,,,,
1328,2KGV3,Else,Else,,,,,
1329,2KGV3,Else,R3,,,,,
1330,2KGV3,Else,Else,,,,,
1331,2KGV3,R7,R5,,,,,
1332,2KGV3,R3,Else,,,,,
1333,2KGV3,R7,R7,,,,,
1334,D0AGO,Else,Else,,,,,
1335,D0AGO,Else,Else,,,,,
1336,D0AGO,Else,Else,,,,,
1337,D0AGO,Else,Else,,,,,
1338,EF7Q9,R5,Else,,,,,
1339,EF7Q9,R5,R3,,,,,
1340,EF7Q9,R5,Else,,,,,
1341,G2AMK,R7,R5,,,,,
1342,FG9NT,R5,Else,,,,,
1343,FG9NT,R3,R3,,,,,
1344,LLTBQ,R7,R7,,,,,
1345,LLTBQ,R3,Else,,,,,
1346,LLTBQ,R7,R7,,,,,
1347,HS14N,R7,R7,,,,,
1348,HS14N,R7,R5,,,,,
1349,HS14N,R5,R5,,,,,
1350,HS14N,R5,R3,,,,,
1351,HS14N,R3,R5,,,,,
1352,L2502,R7,R7,,,,,
1353,L2502,R3,Else,,,,,
1354,GT43R,Else,R7,,,,,
1355,GT43R,R3,Else,,,,,
1356,GT43R,Else,R3,,,,,
1357,X95D0,R7,R7,,,,,
1358,DV6CH,Else,R3,,,,,
1359,DV6CH,R7,R7,,,,,
1360,DV6CH,R7,R7,,,,,
1361,DV6CH,R3,R3,,,,,
1362,DV6CH,Else,R7,,,,,
1363,HI4NV,Else,Else,,,,,
1364,HI4NV,R3,R3,,,,,
1365,96ATI,R5,R5,,,,,
1366,B4XZD,Else,Else,,,,,
1367,ICOX1,Else,Else,,,,,
1368,ICOX1,R7,R5,,,,,
1369,ICOX1,R7,R7,,,,,
1370,QQGU3,R7,R7,,,,,
1371,QQGU3,Else,Else,,,,,
1372,QQGU3,R5,R7,,,,,
1373,QQGU3,Else,Else,,,,,
1374,QQGU3,R3,Else,,,,,
1375,QQGU3,R7,R7,,,,,
1376,Z2KJ5,R3,R7,,,,,
1377,7EJUR,R3,R7,,,,,
1378,7EJUR,R5,R3,,,,,
1379,7EJUR,R5,R3,,,,,
1380,7EJUR,Else,R3,,,,,
1381,7EJUR,R7,R7,,,,,
1382,FFYL6,R7,R7,,,,,
1383,FFYL6,Else,R5,,,,,
1384,FFYL6,R7,R7,,,,,
1385,FFYL6,R3,R5,,,,,
1386,FFYL6,R7,R7,,,,,
1387,FFYL6,R3,R5,,,,,
1388,FFYL6,Else,R5,,,,,
1389,YN3AA,Else,Else,,,,,
1390,YN3AA,Else,Else,,,,,
1391,YE6UZ,R3,Else,,,,,
1392,KMZDA,Else,R3,,,,,
1393,LSCMZ,R7,R5,,,,,
1394,LSCMZ,R7,Else,,,,,
1395,5INX3,R3,R5,,,,,
1396,F3M1Q,Else,R7,,,,,
1397,F3M1Q,R7,R7,,,,,
1398,F3M1Q,R5,R5,,,,,
1399,F3M1Q,R5,R7,,,,,
1400,F3M1Q,R7,R5,,,,,
1401,IKJGO,Else,R5,,,,,
1402,SR8IK,R5,R3,,,,,
1403,SR8IK,R5,R3,,,,,
1404,SR8IK,R5,R5,,,,,
1405,WX711,R7,R5,,,,,
1406,VNQTH,R7,R3,,,,,
1407,VNQTH,Else,Else,,,,,
1408,VNQTH,R7,R5,,,,,
1409,VNQTH,R3,R5,,,,,
1410,VNQTH,R5,R7,,,,,
1411,BQA97,Else,Else,,,,,
1412,99B6U,Else,Else,,,,,
1413,99B6U,R7,R7,,,,,
1414,99B6U,R5,R5,,,,,
1415,99B6U,Else,R7,,,,,
1416,RO8Y6,Else,Else,,,,,
1417,JTXAM,R5,R7,,,,,
1418,JTXAM,R7,R7,,,,,
1419,P6JGZ,Else,R5,,,,,
1420,P6JGZ,R5,R7,,,,,
1421,P6JGZ,R5,R7,,,,,
1422,P6JGZ,Else,Else,,,,,
1423,KO2MY,R7,R7,,,,,
1424,KO2MY,Else,R3,,,,,
1425,PNRFK,R7,R7,,,,,
1426,PNRFK,R7,R7,,,,,
1427,26RQN,R7,Else,,,,,
1428,EJY5V,Else,R3,,,,,
1429,J1KLV,R3,R7,,,,,
1430,J1KLV,Else,R7,,,,,
1431,OXCDM,R7,R7,,,,,
1432,ENOLD,Else,Else,,,,,
1433,FRSBQ,R3,R3,,,,,
1434,0FM93,Else,Else,,,,,
1435,0FM93,R7,Else,,,,,
1436,0FM93,Else,Else,,,,,
1437,3G1OQ,R5,R3,,,,,
1438,3G1OQ,R3,Else,,,,,
1439,MRZ44,R7,R7,,,,,
1440,MRZ44,R5,R7,,,,,
1441,KTDG0,R5,R3,,,,,
1442,W97NR,R7,R7,,,,,
1443,81R72,R5,R3,,,,,
1444,81R72,R7,R7,,,,,
1445,13IS9,R7,R3,,,,,
1446,13IS9,R3,R7,,,,,
1447,13IS9,Else,R7,,,,,
1448,13IS9,R7,R7,,,,,
1449,VHD24,R3,R3,,,,,
1450,LQMXW,R7,R7,,,,,
1451,LQMXW,R7,R3,,,,,
1452,SAO1A,R5,R5,,,,,
1453,FLLUJ,R7,R3,,,,,
1454,FLLUJ,R7,Else,,,,,
1455,FLLUJ,R5,R3,,,,,
1456,REWLB,Else,Else,,,,,
1457,8TZSC,Else,R5,,,,,
1458,2FPB3,R7,R7,,,,,
1459,2FPB3,Else,R7,,,,,
1460,2FPB3,R3,R3,,,,,
1461,TNDT2,R7,Else,,,,,
1462,TNDT2,R7,R3,,,,,
1463,TNDT2,R5,R5,,,,,
1464,TNDT2,Else,R5,,,,,
1465,TNDT2,R7,Else,,,,,
1466,GHJ3Q,R3,R3,,,,,
1467,GHJ3Q,R3,R3,,,,,
1468,X8JVY,R7,R7,,,,,
1469,X8JVY,R5,R7,,,,,
1470,X8JVY,R5,R7,,,,,
1471,QVBTC,R7,R7,,,,,
1472,QVBTC,R7,R7,,,,,
1473,OVFVJ,R7,R7,,,,,
1474,OVFVJ,R3,R3,,,,,
1475,4GLAP,Else,Else,,,,,
1476,MLHCK,R7,R7,,,,,
1477,NJANX,Else,Else,,,,,
1478,BQZ52,R7,R7,,,,,
1479,BQZ52,R7,R7,,,,,
1480,IUETR,R7,R5,,,,,
1481,IUETR,R7,R7,,,,,
1482,IUETR,R7,R7,,,,,
1483,IUETR,R5,R5,,,,,
1484,KZR42,R5,R7,,,,,
1485,FVINY,R7,R5,,,,,
1486,FVINY,R7,R7,,,,,
1487,FVINY,R7,R5,,,,,
1488,3OLX3,R5,R5,,,,,
1489,POACA,Else,Else,,,,,
1490,R971Z,R3,R5,,,,,
1491,R971Z,R5,R7,,,,,
1492,R971Z,R5,Else,,,,,
1493,R971Z,Else,Else,,,,,
1494,R971Z,R7,R7,,,,,
1495,R971Z,R7,R7,,,,,
1496,R971Z,R7,R5,,,,,
1497,R971Z,R7,Else,,,,,
1498,VXOE4,R7,R5,,,,,
1499,VXOE4,R7,R5,,,,,
1500,JT537,R5,R5,,,,,
1501,JT537,Else,R5,,,,,
1502,W5P6B,R5,R3,,,,,
1503,U9NI5,R3,R7,,,,,
1504,U9NI5,Else,Else,,,,,
1505,U9NI5,Else,Else,,,,,
1506,U9NI5,R5,Else,,,,,
1507,U9NI5,Else,Else,,,,,
1508,U9NI5,R5,R7,,,,,
1509,WP5RH,R5,R5,,,,,
1510,WP5RH,R7,R3,,,,,
1511,WP5RH,R7,R7,,,,,
1512,WP5RH,R3,Else,,,,,
1513,E89S9,R7,R7,,,,,
1514,E89S9,R7,R7,,,,,
1515,0KZYF,R5,R3,,,,,
1516,0KZYF,Else,R7,,,,,
1517,0KZYF,Else,Else,,,,,
1518,0KZYF,R5,Else,,,,,
1519,0KZYF,R5,R7,,,,,
1520,0KZYF,R5,R5,,,,,
1521,0KZYF,R5,R5,,,,,
1522,0KZYF,Else,Else,,,,,
1523,0KZYF,R5,R3,,,,,
1524,LD9EC,Else,Else,,,,,
1525,T56KO,R5,Else,,,,,
1526,T56KO,Else,R3,,,,,
1527,KT2SV,R5,R7,,,,,
1528,VE6GK,R7,R7,,,,,
1529,VE6GK,Else,Else,,,,,
1530,HXUI5,Else,R3,,,,,
1531,HXUI5,R7,R7,,,,,
1532,HXUI5,R3,R5,,,,,
1533,HXUI5,R5,R7,,,,,
1534,HXUI5,Else,Else,,,,,
1535,HXUI5,Else,R3,,,,,
1536,HXUI5,R5,R7,,,,,
1537,HXUI5,R7,R7,,,,,
1538,TR652,R5,R3,,,,,
1539,TR652,R7,R5,,,,,
1540,TR652,R5,R7,,,,,
1541,3HLP7,R7,R3,,,,,
1542,3HLP7,R7,R3,,,,,
1543,XPXWY,R5,R5,,,,,
1544,XPXWY,R7,R5,,,,,
1545,XPXWY,R5,R3,,,,,
1546,XPXWY,R5,R5,,,,,
1547,XPXWY,Else,Else,,,,,
1548,XPXWY,R7,R5,,,,,
1549,FK143,R3,R5,,,,,
1550,FK143,R5,R3,,,,,
1551,FK143,R7,R7,,,,,
1552,FK143,Else,R5,,,,,
1553,FK143,R5,Else,,,,,
1554,JEB7V,R7,Else,,,,,
1555,JEB7V,Else,Else,,,,,
1556,JEB7V,R3,R3,,,,,
1557,JEB7V,R3,R5,,,,,
1558,JEB7V,R3,Else,,,,,
1559,YMJ6E,R7,R3,,,,,
1560,YMJ6E,R7,R7,,,,,
1561,47RAA,Else,Else,,,,,
1562,47RAA,Else,Else,,,,,
1563,E5ZF5,Else,R5,,,,,
1564,E5ZF5,R5,R7,,,,,
1565,E5ZF5,R7,R7,,,,,
1566,E5ZF5,R5,R5,,,,,
1567,E5ZF5,Else,Else,,,,,
1568,E5ZF5,Else,Else,,,,,
1569,C6C7Q,R5,R7,,,,,
1570,C6C7Q,Else,R5,,,,,
1571,C6C7Q,Else,Else,,,,,
1572,C6C7Q,Else,Else,,,,,
1573,C6C7Q,R3,R7,,,,,
1574,D0Y4L,R7,R7,,,,,
1575,D0Y4L,R7,R7,,,,,
1576,HSWPR,Else,Else,,,,,
1577,HSWPR,Else,Else,,,,,
1578,BIJYC,R7,R7,,,,,
1579,BIJYC,R7,R5,,,,,
1580,BIJYC,Else,Else,,,,,
1581,BIJYC,Else,Else,,,,,
1582,BIJYC,Else,Else,,,,,
1583,BIJYC,Else,Else,,,,,
1584,7MRKY,R7,R7,,,,,
1585,7MRKY,R5,R7,,,,,
1586,7MRKY,R7,R7,,,,,
1587,FQ2Q3,R5,Else,,,,,
1588,2KMGY,R5,R5,,,,,
1589,2KMGY,R7,R7,,,,,
1590,W019T,R5,R7,,,,,
1591,R5WMI,R7,R5,,,,,
1592,5OV3M,R5,R3,,,,,
1593,Q0IHP,R7,R7,,,,,
1594,Q0IHP,R3,R7,,,,,
1595,Q0IHP,Else,Else,,,,,
1596,Q0IHP,R5,R7,,,,,
1597,136V6,R3,R3,,,,,
1598,136V6,R5,R5,,,,,
1599,136V6,R5,R5,,,,,
1600,136V6,R5,R5,,,,,
1601,136V6,R5,R5,,,,,
1602,4BIMI,R7,R5,,,,,
1603,4BIMI,R5,R3,,,,,
1604,4BIMI,R3,R5,,,,,
1605,4BIMI,Else,Else,,,,,
1606,0Z1PC,R5,R5,,,,,
1607,0Z1PC,R5,Else,,,,,
1608,0Z1PC,R3,R5,,,,,
1609,0Z1PC,R3,Else,,,,,
1610,0Z1PC,R5,R5,,,,,
1611,0Z1PC,R7,R5,,,,,
1612,0Z1PC,R7,R3,,,,,
1613,AF5BS,Else,Else,,,,,
1614,2ZICJ,R5,R5,,,,,
1615,2ZICJ,R7,R7,,,,,
1616,2ZICJ,R7,R7,,,,,
1617,2ZICJ,R7,R5,,,,,
1618,2ZICJ,Else,R5,,,,,
1619,CYCEV,Else,Else,,,,,
1620,CYCEV,R3,R5,,,,,
1621,CYCEV,R7,R5,,,,,
1622,02DPI,R5,R3,,,,,
1623,02DPI,Else,Else,,,,,
1624,02DPI,R3,Else,,,,,
1625,02DPI,R5,R5,,,,,
1626,X9LP4,R7,R7,,,,,
1627,X9LP4,Else,R5,,,,,
1628,8SXHK,R7,R5,,,,,
1629,8SXHK,Else,R5,,,,,
1630,8SXHK,R5,R5,,,,,
1631,9ZE0J,R7,R7,,,,,
1632,9ZE0J,R7,R7,,,,,
1633,9ZE0J,R5,R5,,,,,
1634,9ZE0J,R7,R7,,,,,
1635,9ZE0J,Else,R3,,,,,
1636,ZB5J4,R5,R5,,,,,
1637,QVD5B,R5,R3,,,,,
1638,QUAFE,R5,R3,,,,,
1639,QUAFE,Else,R7,,,,,
1640,QUAFE,R5,R7,,,,,
1641,QMKZV,R5,R7,,,,,
1642,QMKZV,R3,R7,,,,,
1643,QMKZV,R3,Else,,,,,
1644,QMKZV,Else,Else,,,,,
1645,CSPSU,R7,R7,,,,,
1646,CSPSU,R7,R7,,,,,
1647,1440M,Else,R3,,,,,
1648,1440M,R3,R5,,,,,
1649,1440M,R3,R3,,,,,
1650,HA8S9,Else,Else,,,,,
1651,WRCO6,R5,Else,,,,,
1652,KWHPI,Else,Else,,,,,
1653,KWHPI,R3,R7,,,,,
1654,L8CC0,R3,R7,,,,,
1655,WPU76,R7,Else,,,,,
1656,WPU76,R5,Else,,,,,
1657,CH41S,Else,R7,,,,,
1658,AZPOX,R5,R7,,,,,
1659,DCRI5,R5,Else,,,,,
1660,DCRI5,Else,Else,,,,,
1661,DCRI5,R5,Else,,,,,
1662,K9EAZ,R7,R7,,,,,
1663,MVPPS,Else,R5,,,,,
1664,OHOFG,Else,Else,,,,,
1665,OHOFG,R5,R5,,,,,
1666,OHOFG,R5,Else,,,,,
1667,OHOFG,Else,Else,,,,,
1668,OHOFG,R7,Else,,,,,
1669,OHOFG,R5,Else,,,,,
1670,EW8GX,R5,R7,,,,,
1671,AEKYE,Else,Else,,,,,
1672,AEKYE,Else,Else,,,,,
1673,AEKYE,R7,R7,,,,,
1674,AEKYE,Else,Else,,,,,
1675,GCI2J,R5,Else,,,,,
1676,GCI2J,R5,Else,,,,,
1677,GCI2J,Else,R3,,,,,
1678,GCI2J,R7,R3,,,,,
1679,GCI2J,R5,R7,,,,,
1680,GN0M8,Else,Else,,,,,
1681,N6FZ7,R7,R7,,,,,
1682,N6FZ7,R3,R7,,,,,
1683,N6FZ7,R3,R7,,,,,
1684,N6FZ7,R5,R7,,,,,
1685,N6FZ7,R7,R7,,,,,
1686,N6FZ7,R7,R7,,,,,
1687,9YOI8,Else,R5,,,,,
1688,9YOI8,R5,R3,,,,,
1689,9YOI8,R7,R7,,,,,
1690,9YOI8,R7,R7,,,,,
1691,9YOI8,R5,R7,,,,,
1692,9YOI8,R5,R7,,,,,
1693,9YOI8,Else,Else,,,,,
1694,RJD1Z,R7,R7,,,,,
1695,WF89D,R5,R7,,,,,
1696,WF89D,R3,R5,,,,,
1697,FDDDG,R7,R5,,,,,
1698,FDDDG,Else,Else,,,,,
1699,FDDDG,R7,R5,,,,,
1700,OB660,R7,R7,,,,,
1701,OB660,Else,Else,,,,,
1702,OB660,R7,R7,,,,,
1703,OB660,Else,Else,,,,,
1704,OB660,Else,Else,,,,,
1705,7LWW3,R3,R7,,,,,
1706,7LWW3,Else,R7,,,,,
1707,MVX03,R7,R7,,,,,
1708,TRVEA,R3,R3,,,,,
1709,TRVEA,R5,Else,,,,,
1710,TRVEA,R7,R7,,,,,
1711,TRVEA,Else,Else,,,,,
1712,TRVEA,R3,R3,,,,,
1713,W0YVE,R7,R5,,,,,
1714,W0YVE,R3,R5,,,,,
1715,W0YVE,R7,R7,,,,,
1716,KE5EM,R7,R5,,,,,
1717,KE5EM,R5,Else,,,,,
1718,KE5EM,R3,Else,,,,,
1719,KE5EM,R7,R5,,,,,
1720,FNBYE,R3,Else,,,,,
1721,FNBYE,Else,Else,,,,,
1722,FNBYE,R3,R7,,,,,
1723,FNBYE,Else,Else,,,,,
1724,FNBYE,Else,Else,,,,,
1725,FNBYE,R7,R5,,,,,
1726,KFLI0,Else,R3,,,,,
1727,KFLI0,Else,Else,,,,,
1728,OJYDD,R7,R5,,,,,
1729,OJYDD,R7,R5,,,,,
1730,HNPX7,Else,Else,,,,,
1731,HNPX7,R5,R5,,,,,
1732,5SBEY,R5,R7,,,,,
1733,5SBEY,R3,R7,,,,,
1734,5SBEY,R3,R5,,,,,
1735,PAW5E,Else,Else,,,,,
1736,PAW5E,R5,R7,,,,,
1737,PAW5E,R5,R7,,,,,
1738,PAW5E,Else,Else,,,,,
1739,MYBRN,R5,R5,,,,,
1740,MYBRN,R7,R5,,,,,
1741,MYBRN,R5,R5,,,,,
1742,8D6PU,R5,R7,,,,,
1743,VW4UD,Else,Else,,,,,
1744,VW4UD,R5,R3,,,,,
1745,VW4UD,Else,Else,,,,,
1746,VW4UD,R5,R3,,,,,
1747,PBEUF,R7,R7,,,,,
1748,PBEUF,R7,R5,,,,,
1749,SM4AO,R5,R7,,,,,
1750,BQOLV,R7,R7,,,,,
1751,BQOLV,Else,Else,,,,,
1752,51N2C,Else,Else,,,,,
1753,T63X2,R5,R5,,,,,
1754,HI75B,R7,R7,,,,,
1755,HI75B,Else,R5,,,,,
1756,HI75B,R3,Else,,,,,
1757,KWJ5O,R3,R3,,,,,
1758,U33ZS,R5,R3,,,,,
1759,U33ZS,R3,R3,,,,,
1760,4CAB5,R7,R7,,,,,
1761,4CAB5,R7,R7,,,,,
1762,4CAB5,Else,Else,,,,,
1763,4CAB5,Else,R5,,,,,
1764,MZZK2,Else,Else,,,,,
1765,MZZK2,R3,Else,,,,,
1766,MZZK2,R7,Else,,,,,
1767,MZZK2,R7,R5,,,,,
1768,MZZK2,R5,R7,,,,,
1769,MZZK2,Else,Else,,,,,
1770,MZZK2,Else,Else,,,,,
1771,MZZK2,Else,Else,,,,,
1772,L0QNM,R7,R7,,,,,
1773,L0QNM,R7,R7,,,,,
1774,L0QNM,R7,R7,,,,,
1775,2TAT3,R7,R7,,,,,
1776,4RKKP,Else,R5,,,,,
1777,I75CL,R5,R5,,,,,
1778,I75CL,Else,R5,,,,,
1779,I75CL,R7,R5,,,,,
1780,I75CL,Else,Else,,,,,
1781,9MNZ5,Else,Else,,,,,
1782,9MNZ5,R3,Else,,,,,
1783,9MNZ5,R5,R7,,,,,
1784,9MNZ5,R3,R3,,,,,
1785,9MNZ5,Else,R7,,,,,
1786,9MNZ5,Else,Else,,,,,
1787,9MNZ5,R3,R7,,,,,
1788,E6RD3,R7,R7,,,,,
1789,E6RD3,R3,R5,,,,,
1790,E6RD3,R3,R5,,,,,
1791,ECW3E,R7,R7,,,,,
1792,ECW3E,R5,R5,,,,,
1793,ECW3E,R5,R3,,,,,
1794,K8OB6,R5,R7,,,,,
1795,K8OB6,Else,Else,,,,,
1796,PTAZ9,Else,Else,,,,,
1797,PTAZ9,R5,R7,,,,,
1798,PTAZ9,Else,Else,,,,,
1799,PTAZ9,R5,Else,,,,,
1800,JMPKP,R5,R7,,,,,
1801,JMPKP,R3,Else,,,,,
1802,JMPKP,Else,R3,,,,,
1803,JS3TB,Else,Else,,,,,
1804,JS3TB,Else,Else,,,,,
1805,JS3TB,Else,Else,,,,,
1806,QRSRE,R7,R7,,,,,
1807,QRSRE,Else,R3,,,,,
1808,QRSRE,R5,R7,,,,,
1809,QRSRE,R5,R3,,,,,
1810,QACLT,R5,R3,,,,,
1811,QACLT,Else,Else,,,,,
1812,QACLT,R3,R5,,,,,
1813,3IS9Y,Else,Else,,,,,
1814,3IS9Y,Else,Else,,,,,
1815,3IS9Y,R5,R7,,,,,
1816,NUKJ0,Else,R7,,,,,
1817,1QP1S,Else,R3,,,,,
1818,1QP1S,Else,R3,,,,,
1819,1QP1S,Else,Else,,,,,
1820,1QP1S,R3,Else,,,,,
1821,1QP1S,Else,Else,,,,,
1822,1QP1S,Else,Else,,,,,
1823,1QP1S,Else,Else,,,,,
1824,OVFR0,R7,Else,,,,,
1825,OVFR0,R7,R7,,,,,
1826,CDULZ,R5,Else,,,,,
1827,O3HV7,R7,Else,,,,,
1828,O3HV7,R5,R5,,,,,
1829,O3HV7,R7,R5,,,,,
1830,O3HV7,R5,Else,,,,,
1831,7O6FK,R5,R7,,,,,
1832,7O6FK,R5,R7,,,,,
1833,7O6FK,R7,R7,,,,,
1834,7O6FK,R5,R7,,,,,
1835,7O6FK,R5,R7,,,,,
1836,7O6FK,R7,R7,,,,,
1837,DJVKE,R3,R3,,,,,
1838,DJVKE,R5,R3,,,,,
1839,DJVKE,Else,R3,,,,,
1840,F9VSQ,R3,R5,,,,,
1841,F9VSQ,Else,R7,,,,,
1842,F9VSQ,R7,R5,,,,,
1843,MKMFK,R5,R7,,,,,
1844,MKMFK,R5,R7,,,,,
1845,ZTWJB,R7,R7,,,,,
1846,ZTWJB,Else,R5,,,,,
1847,JIUH7,R7,R5,,,,,
1848,JIUH7,R7,R7,,,,,
1849,JIUH7,R7,R7,,,,,
1850,JIUH7,R7,R7,,,,,
1851,JIUH7,R7,R7,,,,,
1852,DSI0N,R5,R5,,,,,
1853,DSI0N,Else,Else,,,,,
1854,DSI0N,Else,Else,,,,,
1855,YT2C3,R5,R7,,,,,
1856,YT2C3,R5,R5,,,,,
1857,YT2C3,R7,R5,,,,,
1858,YT2C3,R7,R7,,,,,
1859,YT2C3,R7,R7,,,,,
1860,YT2C3,R7,R7,,,,,
1861,3B97C,Else,R3,,,,,
1862,0E6H9,R5,R5,,,,,
1863,HIKIC,Else,Else,,,,,
1864,HIKIC,R5,R5,,,,,
1865,HIKIC,R7,R7,,,,,
1866,PT4XS,Else,Else,,,,,
1867,PT4XS,Else,R7,,,,,
1868,PT4XS,Else,Else,,,,,
1869,PT4XS,Else,Else,,,,,
1870,PT4XS,R7,Else,,,,,
1871,VWFJA,R7,R7,,,,,
1872,XRG9K,R7,R5,,,,,
1873,XRG9K,Else,R7,,,,,
1874,XRG9K,R3,R7,,,,,
1875,XRG9K,R7,R7,,,,,
1876,XRG9K,R3,R5,,,,,
1877,7AB3X,R7,R5,,,,,
1878,OOKN5,R5,R3,,,,,
1879,OOKN5,Else,Else,,,,,
1880,F024X,R3,R3,,,,,
1881,F024X,R7,R7,,,,,
1882,F024X,R3,R3,,,,,
1883,BJ7YW,R5,R3,,,,,
1884,BJ7YW,R7,R5,,,,,
1885,FJYWX,R5,R3,,,,,
1886,FJYWX,R7,R5,,,,,
1887,FJYWX,R3,R3,,,,,
1888,B47TS,R7,R7,,,,,
1889,LRJKT,R3,R5,,,,,
1890,4FX6G,R5,R7,,,,,
1891,4FX6G,Else,R5,,,,,
1892,4FX6G,Else,Else,,,,,
1893,LGPWK,R3,R3,,,,,
1894,EIT66,R3,R7,,,,,
1895,EIT66,R7,R7,,,,,
1896,EIT66,R7,Else,,,,,
1897,0LHWF,Else,R5,,,,,
1898,0LHWF,R3,R7,,,,,
1899,0LHWF,R3,R5,,,,,
1900,0LHWF,R3,R7,,,,,
1901,RJNAB,Else,R3,,,,,
1902,RJNAB,R7,R5,,,,,
1903,RJNAB,R3,R3,,,,,
1904,RJNAB,Else,Else,,,,,
1905,ZL3QP,R7,R5,,,,,
1906,ZL3QP,R7,R7,,,,,
1907,ZL3QP,Else,Else,,,,,
1908,EURF2,R3,R5,,,,,
1909,EURF2,R5,R5,,,,,
1910,EURF2,R5,R5,,,,,
1911,8W829,Else,R3,,,,,
1912,8W829,Else,R5,,,,,
1913,8W829,Else,Else,,,,,
1914,8W829,Else,Else,,,,,
1915,OTUV7,R5,R7,,,,,
1916,OTUV7,Else,Else,,,,,
1917,OTUV7,R5,R7,,,,,
1918,OTUV7,R7,R7,,,,,
1919,OTUV7,R7,R7,,,,,
1920,2OHTZ,R7,R7,,,,,
1921,2OHTZ,R7,R7,,,,,
1922,2OHTZ,R5,R7,,,,,
1923,2OHTZ,R5,R7,,,,,
1924,2OHTZ,R7,R5,,,,,
1925,DMO76,R7,R7,,,,,
1926,DMO76,R7,R5,,,,,
1927,DMO76,Else,R3,,,,,
1928,DMO76,R7,R7,,,,,
1929,FQS5V,Else,R7,,,,,
1930,FQS5V,R5,Else,,,,,
1931,Y80PJ,R7,R7,,,,,
1932,DHDCF,R5,R5,,,,,
1933,DHDCF,R7,R7,,,,,
1934,DHDCF,R5,R7,,,,,
1935,TS2DM,R5,R7,,,,,
1936,TS2DM,R5,R5,,,,,
1937,TS2DM,R5,R7,,,,,
1938,TS2DM,Else,Else,,,,,
1939,TS2DM,R5,R7,,,,,
1940,TS2DM,R3,R7,,,,,
1941,OY3LS,R7,R5,,,,,
1942,OY3LS,Else,R3,,,,,
1943,OY3LS,R7,R5,,,,,
1944,OY3LS,R3,R3,,,,,
1945,OY3LS,Else,R7,,,,,
1946,OY3LS,Else,Else,,,,,
1947,OY3LS,R5,R5,,,,,
1948,OY3LS,Else,Else,,,,,
1949,68OG0,R7,R7,,,,,
1950,68OG0,R7,R7,,,,,
1951,DGPAW,R7,R5,,,,,
1952,DGPAW,R5,R7,,,,,
1953,GAOV2,R7,R5,,,,,
1954,GAOV2,Else,R7,,,,,
1955,Q5MDU,Else,Else,,,,,
1956,Q5MDU,Else,R3,,,,,
1957,Q5MDU,Else,R7,,,,,
1958,Q5MDU,Else,R7,,,,,
1959,IMLN5,R3,R7,,,,,
1960,4H61U,Else,R7,,,,,
1961,BDJ84,R7,R5,,,,,
1962,CLB72,Else,R3,,,,,
1963,CLB72,Else,Else,,,,,
1964,CLB72,R7,Else,,,,,
1965,CLB72,Else,R7,,,,,
1966,CLB72,Else,R7,,,,,
1967,SB8G0,Else,Else,,,,,
1968,SB8G0,R7,R7,,,,,
1969,SB8G0,R5,R3,,,,,
1970,SB8G0,R5,R5,,,,,
1971,SB8G0,Else,Else,,,,,
1972,ATV2F,R3,R5,,,,,
1973,ATV2F,Else,R3,,,,,
1974,ATV2F,R7,R7,,,,,
1975,ATV2F,R5,R7,,,,,
1976,B4TWR,Else,Else,,,,,
1977,B4TWR,Else,R7,,,,,
1978,CQ435,R3,R5,,,,,
1979,CQ435,Else,R3,,,,,
1980,TKJCI,R7,R7,,,,,
1981,TKJCI,R3,R3,,,,,
1982,M014B,Else,Else,,,,,
1983,M014B,R3,R5,,,,,
1984,M014B,R3,R3,,,,,
1985,M014B,Else,Else,,,,,
1986,W3NN2,R3,R5,,,,,
1987,W3NN2,R5,R5,,,,,
1988,W3NN2,R3,R5,,,,,
1989,QMHK8,R5,Else,,,,,
1990,QMHK8,R7,R3,,,,,
1991,QMHK8,Else,R3,,,,,
1992,QMHK8,R5,Else,,,,,
1993,QMHK8,R7,Else,,,,,
1994,QMHK8,Else,R3,,,,,
1995,QMHK8,Else,R5,,,,,
1996,QMHK8,Else,Else,,,,,
1997,QMHK8,Else,R3,,,,,
1998,QMHK8,Else,Else,,,,,
1999,QMHK8,R3,R5,,,,,
2000,QMHK8,R5,R7,,,,,
2001,RSFGZ,Else,R7,,,,,
2002,RSFGZ,R5,R5,,,,,
2003,8H570,Else,R5,,,,,
2004,8H570,Else,Else,,,,,
2005,UR55B,Else,R5,,,,,
2006,OB9D0,R5,R3,,,,,
2007,OB9D0,R7,R7,,,,,
2008,NL9AW,Else,Else,,,,,
2009,NL9AW,R7,R7,,,,,
2010,9BQ7M,Else,Else,,,,,
2011,FQ8FN,R5,R3,,,,,
2012,FQ8FN,R7,R7,,,,,
2013,FQ8FN,R7,R3,,,,,
2014,FQ8FN,R5,R5,,,,,
2015,30K2N,R7,Else,,,,,
2016,30K2N,Else,Else,,,,,
2017,4K0BP,Else,R3,,,,,
2018,4K0BP,R3,R3,,,,,
2019,RAGOI,R3,R3,,,,,
2020,RAGOI,R7,R5,,,,,
2021,KNGRY,R5,R3,,,,,
2022,KNGRY,R7,R5,,,,,
2023,KNGRY,Else,R3,,,,,
2024,0KTWY,R5,R3,,,,,
2025,S4P5J,Else,Else,,,,,
2026,S4P5J,Else,Else,,,,,
2027,AB2V6,Else,Else,,,,,
2028,AB2V6,R5,R7,,,,,
2029,AB2V6,R7,R3,,,,,
2030,AB2V6,R5,Else,,,,,
2031,YGL6R,Else,Else,,,,,
2032,YGL6R,R7,R5,,,,,
2033,OT35M,R5,R5,,,,,
2034,OT35M,R3,R3,,,,,
2035,OT35M,R5,R7,,,,,
2036,OT35M,R7,R7,,,,,
2037,OT35M,R3,R7,,,,,
2038,OT35M,Else,R5,,,,,
2039,OT35M,Else,R5,,,,,
2040,OT35M,R3,Else,,,,,
2041,1L5D3,R7,R7,,,,,
2042,1L5D3,R3,R5,,,,,
2043,1L5D3,R7,Else,,,,,
2044,1L5D3,R3,R3,,,,,
2045,PGPSJ,R7,R5,,,,,
2046,PGPSJ,R5,R5,,,,,
2047,UR5TU,R5,R7,,,,,
2048,UR5TU,Else,R7,,,,,
2049,UR5TU,R5,R7,,,,,
2050,UR5TU,Else,R7,,,,,
2051,UR5TU,R7,R7,,,,,
2052,UR5TU,Else,R7,,,,,
2053,UR5TU,R3,Else,,,,,
2054,UR5TU,R5,Else,,,,,
2055,R1KMF,R5,R3,,,,,
2056,R1KMF,R5,R5,,,,,
2057,R1KMF,Else,R3,,,,,
2058,R1KMF,R5,R5,,,,,
2059,J3RD3,R7,R7,,,,,
2060,J3RD3,R5,R7,,,,,
2061,J3RD3,R3,R7,,,,,
2062,1XOQ8,Else,Else,,,,,
2063,GMPHO,R7,R5,,,,,
2064,GMPHO,R7,R5,,,,,
2065,GMPHO,R7,R3,,,,,
2066,GMPHO,R7,R7,,,,,
2067,21O5C,R7,R5,,,,,
2068,21O5C,R5,R5,,,,,
2069,JFBTV,Else,R7,,,,,
2070,JFBTV,Else,Else,,,,,
2071,JFBTV,R5,R5,,,,,
2072,JFBTV,R7,Else,,,,,
2073,JFBTV,R7,R7,,,,,
2074,JFBTV,R7,Else,,,,,
2075,JFBTV,R7,R7,,,,,
2076,15RTV,R7,R3,,,,,
2077,15RTV,R7,R7,,,,,
2078,3LMTS,R7,Else,,,,,
2079,3LMTS,R5,R7,,,,,
2080,8TSU4,Else,R3,,,,,
2081,7835X,Else,R7,,,,,
2082,7835X,Else,R7,,,,,
2083,7835X,Else,Else,,,,,
2084,C10FA,Else,Else,,,,,
2085,C10FA,Else,Else,,,,,
2086,C10FA,Else,Else,,,,,
2087,C10FA,Else,Else,,,,,
2088,PXY5Q,R7,R7,,,,,
2089,PXY5Q,R3,R7,,,,,
2090,PXY5Q,R3,R5,,,,,
2091,PXY5Q,R3,R5,,,,,
2092,PXY5Q,R7,R7,,,,,
2093,41T8C,R5,R7,,,,,
2094,41T8C,R5,R5,,,,,
2095,RRQEV,R7,R3,,,,,
2096,GLSU2,R5,R7,,,,,
2097,GLSU2,Else,Else,,,,,
2098,MXATD,R7,R3,,,,,
2099,MXATD,Else,Else,,,,,
2100,MXATD,R5,Else,,,,,
2101,MXATD,Else,Else,,,,,
2102,MXATD,Else,Else,,,,,
2103,3VT73,Else,R5,,,,,
2104,3VT73,R3,R5,,,,,
2105,3VT73,R3,R7,,,,,
2106,29V7T,R5,R5,,,,,
2107,29V7T,R7,R3,,,,,
2108,29V7T,Else,Else,,,,,
2109,BLWIW,Else,Else,,,,,
2110,LSH63,R7,R7,,,,,
2111,MCMTH,R5,R5,,,,,
2112,E0OJ8,R7,R7,,,,,
2113,E9UYZ,Else,Else,,,,,
2114,G71O7,Else,Else,,,,,
2115,3KDI5,R7,R7,,,,,
2116,3KDI5,R5,Else,,,,,
2117,ICQZX,R7,R7,,,,,
2118,ICQZX,Else,R7,,,,,
2119,ICQZX,R5,R5,,,,,
2120,448J4,R3,Else,,,,,
2121,448J4,R5,R7,,,,,
2122,BFH78,R5,R5,,,,,
2123,BFH78,R3,R7,,,,,
2124,BFH78,Else,Else,,,,,
2125,X37P1,R3,Else,,,,,
2126,IDXM0,R5,R5,,,,,
2127,NB0IB,R3,R3,,,,,
2128,NB0IB,R3,R5,,,,,
2129,BW2OT,R3,R5,,,,,
2130,BW2OT,R5,R7,,,,,
2131,CLAWJ,Else,R5,,,,,
2132,CLAWJ,Else,Else,,,,,
2133,3QL7J,R3,R3,,,,,
2134,3QL7J,R3,R3,,,,,
2135,3QL7J,R7,R7,,,,,
2136,3QL7J,R7,R7,,,,,
2137,3QL7J,R3,R5,,,,,
2138,3QL7J,Else,R5,,,,,
2139,3QL7J,Else,Else,,,,,
2140,9LTZT,R5,R5,,,,,
2141,JVOM3,R3,R3,,,,,
2142,JVOM3,Else,Else,,,,,
2143,JVOM3,Else,R3,,,,,
2144,JVOM3,Else,R5,,,,,
2145,JVOM3,R3,Else,,,,,
2146,GFPDD,R7,R7,,,,,
2147,A59CN,R5,R3,,,,,
2148,A59CN,R5,R3,,,,,
2149,A59CN,R3,R3,,,,,
2150,4PEL7,R5,R5,,,,,
2151,4PEL7,R5,R7,,,,,
2152,4PEL7,Else,R5,,,,,
2153,4PEL7,R5,R5,,,,,
2154,4PEL7,Else,R5,,,,,
2155,MZ3X9,Else,Else,,,,,
2156,MZ3X9,Else,R7,,,,,
2157,MZ3X9,R3,Else,,,,,
2158,MZ3X9,Else,Else,,,,,
2159,MZ3X9,Else,Else,,,,,
2160,MZ3X9,Else,R7,,,,,
2161,UUF84,R7,R7,,,,,
2162,UUF84,R7,R7,,,,,
2163,UUF84,R7,R7,,,,,
2164,UUF84,R5,R7,,,,,
2165,4GHHK,R3,R3,,,,,
2166,LIQS5,Else,Else,,,,,
2167,LIQS5,Else,Else,,,,,
2168,YAFX0,R5,R5,,,,,
2169,YAFX0,R7,R5,,,,,
2170,YAFX0,Else,R5,,,,,
2171,YAFX0,Else,R3,,,,,
2172,YAFX0,R5,R3,,,,,
2173,YAFX0,Else,R5,,,,,
2174,O87OF,Else,Else,,,,,
2175,O87OF,Else,Else,,,,,
2176,USNON,Else,Else,,,,,
2177,USNON,Else,Else,,,,,
2178,USNON,R7,Else,,,,,
2179,USNON,R3,R7,,,,,
2180,ZZ4GP,R7,R7,,,,,
2181,ZZ4GP,R7,R7,,,,,
2182,ZZ4GP,R7,R7,,,,,
2183,ZZ4GP,R7,R7,,,,,
2184,0HV07,R3,R5,,,,,
2185,5TKIB,R3,R3,,,,,
2186,YB67Z,Else,R5,,,,,
2187,XSVLL,R7,R7,,,,,
2188,XSVLL,R7,R7,,,,,
2189,XSVLL,R7,R7,,,,,
2190,XSVLL,Else,Else,,,,,
2191,XSVLL,R7,R7,,,,,
2192,XSVLL,R7,R7,,,,,
2193,XSVLL,R7,R7,,,,,
2194,HJ4B1,R7,R7,,,,,
2195,HJ4B1,R5,R5,,,,,
2196,Z6B6S,Else,Else,,,,,
2197,UUPJS,R7,R5,,,,,
2198,UUPJS,Else,Else,,,,,
2199,UUPJS,R7,R7,,,,,
2200,UUPJS,Else,R5,,,,,
2201,TESF6,Else,Else,,,,,
2202,TESF6,Else,Else,,,,,
2203,TESF6,R3,Else,,,,,
2204,TESF6,Else,Else,,,,,
2205,TESF6,R7,R3,,,,,
2206,TESF6,Else,Else,,,,,
2207,TESF6,R5,R3,,,,,
2208,607,Else,Else,,,,,
2209,1LBUG,R7,R5,,,,,
2210,XOOPP,R3,R7,,,,,
2211,MIAE4,R5,R3,,,,,
2212,MIAE4,R5,Else,,,,,
2213,J4QHT,R7,Else,,,,,
2214,J4QHT,R5,R5,,,,,
2215,J4QHT,R5,R5,,,,,
2216,JKWJ6,R3,R5,,,,,
2217,JKWJ6,R5,R7,,,,,
2218,JKWJ6,R3,R7,,,,,
2219,V6RRM,R5,R7,,,,,
2220,W292V,Else,R7,,,,,
2221,W292V,R7,R7,,,,,
2222,W292V,R3,R7,,,,,
2223,W292V,R7,R7,,,,,
2224,N8913,Else,Else,,,,,
2225,Y2EID,R5,R7,,,,,
2226,Y2EID,R7,R7,,,,,
2227,Y2EID,R7,R3,,,,,
2228,RJZ3I,R5,R7,,,,,
2229,RJZ3I,R7,R7,,,,,
2230,EFUTW,R5,R7,,,,,
2231,EFUTW,R7,R7,,,,,
2232,W5YUE,R3,Else,,,,,
2233,W5YUE,R5,R7,,,,,
2234,W5YUE,Else,Else,,,,,
2235,GYVK9,R5,R5,,,,,
2236,GYVK9,Else,R3,,,,,
2237,AFIRW,R5,R5,,,,,
2238,AFIRW,R5,R5,,,,,
2239,AFIRW,R7,R7,,,,,
2240,AFIRW,Else,R7,,,,,
2241,AFIRW,R5,R5,,,,,
2242,AFIRW,R5,R7,,,,,
2243,AFIRW,R5,R7,,,,,
2244,M98YV,Else,Else,,,,,
2245,MTOFZ,R7,R7,,,,,
2246,MTOFZ,R7,R7,,,,,
2247,WD12X,R3,R3,,,,,
2248,RKJ0C,R5,Else,,,,,
2249,RKJ0C,R3,R3,,,,,
2250,RKJ0C,R7,R7,,,,,
2251,RKJ0C,R3,Else,,,,,
2252,JBFPI,R7,R7,,,,,
2253,JBFPI,Else,Else,,,,,
2254,JBFPI,R7,R7,,,,,
2255,VU996,R3,R7,,,,,
2256,VU996,Else,Else,,,,,
2257,VU996,Else,Else,,,,,
2258,VU996,R7,R7,,,,,
2259,VU996,Else,Else,,,,,
2260,VU996,R7,R3,,,,,
2261,VU996,R3,Else,,,,,
2262,VU996,R7,R7,,,,,
2263,VU996,Else,Else,,,,,
2264,VU996,Else,R7,,,,,
2265,VQOI3,Else,Else,,,,,
2266,T42IZ,R5,R7,,,,,
2267,T42IZ,Else,R7,,,,,
2268,T42IZ,Else,R7,,,,,
2269,422BV,R7,R3,,,,,
2270,422BV,R7,R7,,,,,
2271,422BV,R5,Else,,,,,
2272,422BV,R5,R7,,,,,
2273,AYZS4,R5,R7,,,,,
2274,AYZS4,R7,R7,,,,,
2275,AYZS4,R5,R7,,,,,
2276,AYZS4,Else,Else,,,,,
2277,AYZS4,R5,Else,,,,,
2278,AYZS4,Else,R7,,,,,
2279,AYZS4,R7,R7,,,,,
2280,MA6GY,R5,R5,,,,,
2281,MA6GY,R7,R7,,,,,
2282,MA6GY,R7,R5,,,,,
2283,MA6GY,Else,Else,,,,,
2284,YK49T,R7,R7,,,,,
2285,YLEEO,R5,R7,,,,,
2286,ST7MR,Else,Else,,,,,
2287,ST7MR,Else,Else,,,,,
2288,ST7MR,Else,Else,,,,,
2289,ST7MR,Else,Else,,,,,
2290,WDF45,R5,R5,,,,,
2291,WDF45,R5,R7,,,,,
2292,ITDHX,R7,R7,,,,,
2293,8YFD1,R7,R5,,,,,
2294,8YFD1,R7,R7,,,,,
2295,8YFD1,R7,R7,,,,,
2296,8YFD1,R3,R3,,,,,
2297,RBQ9Y,R5,R3,,,,,
2298,RBQ9Y,R3,Else,,,,,
2299,RBQ9Y,R7,R7,,,,,
2300,RBQ9Y,R7,R5,,,,,
2301,RBQ9Y,Else,Else,,,,,
2302,RBQ9Y,Else,Else,,,,,
2303,RBQ9Y,R5,R5,,,,,
2304,RBQ9Y,R5,R5,,,,,
2305,GV0L7,Else,Else,,,,,
2306,GV0L7,R5,R5,,,,,
2307,GV0L7,R5,R5,,,,,
2308,GV0L7,Else,Else,,,,,
2309,ABPGE,R3,R5,,,,,
2310,ABPGE,R5,R5,,,,,
2311,V7YEJ,R7,R7,,,,,
2312,V7YEJ,R3,Else,,,,,
2313,V7YEJ,Else,Else,,,,,
2314,V7YEJ,R5,Else,,,,,
2315,USPJK,Else,Else,,,,,
2316,DUSJO,R3,R3,,,,,
2317,DUSJO,Else,Else,,,,,
2318,DUSJO,Else,Else,,,,,
2319,DUSJO,R5,R5,,,,,
2320,ACSP8,R7,R7,,,,,
2321,21F9H,R7,R5,,,,,
2322,21F9H,R5,R7,,,,,
2323,21F9H,R7,R3,,,,,
2324,OWRDE,R7,R7,,,,,
2325,OWRDE,R7,R5,,,,,
2326,OWRDE,R5,R3,,,,,
2327,OWRDE,R5,R3,,,,,
2328,OWRDE,R3,R3,,,,,
2329,OWRDE,R5,R5,,,,,
2330,YG9UR,R5,R5,,,,,
2331,CTIYN,R3,Else,,,,,
2332,KTXSD,R7,R7,,,,,
2333,TBRZ5,R5,R5,,,,,
2334,JMCBE,R7,R5,,,,,
2335,JMCBE,R3,R3,,,,,
2336,S06H3,R7,R5,,,,,
2337,S06H3,R7,R5,,,,,
2338,7229M,Else,Else,,,,,
2339,7229M,R7,R7,,,,,
2340,RIZ7Y,Else,Else,,,,,
2341,RIZ7Y,Else,Else,,,,,
2342,RIZ7Y,Else,Else,,,,,
2343,OIL1V,R7,Else,,,,,
2344,VBN1O,R7,R7,,,,,
2345,VBN1O,R7,R7,,,,,
2346,PCNUP,R3,R5,,,,,
2347,PCNUP,R5,R3,,,,,
2348,PCNUP,R5,R5,,,,,
2349,PCNUP,R7,R5,,,,,
2350,PCNUP,R5,R7,,,,,
2351,PCNUP,R7,R7,,,,,
2352,XHN6Y,R7,R7,,,,,
2353,XHN6Y,R7,R7,,,,,
2354,W5ZY8,Else,Else,,,,,
2355,K7Z6T,R7,R3,,,,,
2356,K7Z6T,R5,Else,,,,,
2357,3P055,R7,R7,,,,,
2358,PZ0ND,Else,Else,,,,,
2359,ZC017,R5,R5,,,,,
2360,ZC017,R7,R7,,,,,
2361,ZC017,R7,R5,,,,,
2362,ZC017,R7,R7,,,,,
2363,ARKBT,R5,R7,,,,,
2364,ARKBT,R5,R3,,,,,
2365,KB916,R3,R5,,,,,
2366,XEJ35,Else,R3,,,,,
2367,XEJ35,Else,Else,,,,,
2368,X06Z6,R3,R7,,,,,
2369,QQMY8,Else,R3,,,,,
2370,QQMY8,Else,Else,,,,,
2371,QQMY8,Else,Else,,,,,
2372,QQMY8,Else,Else,,,,,
2373,QQMY8,R7,R5,,,,,
2374,HUWAZ,R5,R5,,,,,
2375,HUWAZ,R3,R7,,,,,
2376,SANRG,R3,Else,,,,,
2377,8NEYJ,R5,R7,,,,,
2378,8NEYJ,R7,R7,,,,,
2379,8NEYJ,R7,R7,,,,,
2380,8NEYJ,R7,R7,,,,,
2381,BYP85,Else,Else,,,,,
2382,BYP85,R3,Else,,,,,
2383,BYP85,Else,Else,,,,,
2384,Y44TV,R3,Else,,,,,
2385,31YNM,R5,R5,,,,,
2386,31YNM,R5,R5,,,,,
2387,31YNM,R7,R3,,,,,
2388,DWH0T,R5,R7,,,,,
2389,DWH0T,R7,R7,,,,,
2390,MJYTA,R7,R5,,,,,
2391,1KC11,R3,R5,,,,,
2392,1KC11,Else,R3,,,,,
2393,T5SI3,R7,R3,,,,,
2394,T5SI3,R5,R7,,,,,
2395,T5SI3,R5,R7,,,,,
2396,O3Y57,R5,R5,,,,,
2397,O3Y57,Else,R5,,,,,
2398,O3Y57,Else,Else,,,,,
2399,O3Y57,R7,R3,,,,,
2400,LR9KL,R5,R5,,,,,
2401,I52A6,R3,R3,,,,,
2402,I52A6,R3,R3,,,,,
2403,I52A6,Else,Else,,,,,
2404,1VF27,R7,R3,,,,,
2405,PJDUN,R7,R7,,,,,
2406,H411A,Else,R5,,,,,
2407,H411A,R5,R3,,,,,
2408,H411A,R5,R5,,,,,
2409,UQJ5W,R7,R5,,,,,
2410,UQJ5W,R3,Else,,,,,
2411,UQJ5W,R5,R7,,,,,
2412,UQJ5W,R5,Else,,,,,
2413,UQJ5W,Else,Else,,,,,
2414,UQJ5W,R5,R3,,,,,
2415,UQJ5W,R7,R5,,,,,
2416,UQJ5W,R5,R5,,,,,
2417,UQJ5W,Else,Else,,,,,
2418,YQOCU,R3,R5,,,,,
2419,YQOCU,R7,R3,,,,,
2420,YQOCU,R5,R7,,,,,
2421,DR7K0,R5,R7,,,,,
2422,DR7K0,R7,R7,,,,,
2423,DR7K0,R7,R7,,,,,
2424,3YQE2,R7,R7,,,,,
2425,3YQE2,R5,R7,,,,,
2426,3YQE2,R7,R7,,,,,
2427,AHBE8,R7,R3,,,,,
2428,AHBE8,R5,R7,,,,,
2429,AHBE8,R3,R5,,,,,
2430,AHBE8,Else,Else,,,,,
2431,AHBE8,Else,Else,,,,,
2432,AHBE8,R3,R7,,,,,
2433,AHBE8,Else,Else,,,,,
2434,YE47Y,R7,R7,,,,,
2435,YE47Y,Else,R5,,,,,
2436,YE47Y,R7,R7,,,,,
2437,YE47Y,R7,R7,,,,,
2438,WM6RQ,Else,R7,,,,,
2439,WM6RQ,R7,R7,,,,,
2440,WM6RQ,Else,R3,,,,,
2441,RV5CK,R5,R7,,,,,
2442,RV5CK,R7,R7,,,,,
2443,RV5CK,R7,R7,,,,,
2444,PIJRH,R5,R3,,,,,
2445,PIJRH,R7,R7,,,,,
2446,PIJRH,R3,R7,,,,,
2447,ZJ37U,Else,R3,,,,,
2448,ZJ37U,Else,Else,,,,,
2449,ZJ37U,Else,R5,,,,,
2450,ZJ37U,Else,R5,,,,,
2451,PAA7V,Else,Else,,,,,
2452,PAA7V,R3,R3,,,,,
2453,IAHN3,R7,Else,,,,,
2454,IAHN3,R3,R3,,,,,
2455,PDH7G,Else,Else,,,,,
2456,07QNG,R3,R3,,,,,
2457,07QNG,R7,R3,,,,,
2458,07QNG,Else,Else,,,,,
2459,OK45U,R5,R5,,,,,
2460,OK45U,R7,R7,,,,,
2461,28BVI,Else,Else,,,,,
2462,28BVI,R7,Else,,,,,
2463,28BVI,Else,Else,,,,,
2464,28BVI,R5,Else,,,,,
2465,28BVI,Else,Else,,,,,
2466,28BVI,Else,Else,,,,,
2467,28BVI,R3,R7,,,,,
2468,28BVI,Else,Else,,,,,
2469,28BVI,R5,Else,,,,,
2470,HAPCT,R3,Else,,,,,
2471,HAPCT,R7,R5,,,,,
2472,HAPCT,R7,R7,,,,,
2473,HAPCT,R3,R3,,,,,
2474,U5RYN,Else,Else,,,,,
2475,U5RYN,Else,Else,,,,,
2476,U5RYN,Else,Else,,,,,
2477,DUZDL,Else,R7,,,,,
2478,DUZDL,R3,R5,,,,,
2479,DUZDL,R7,R5,,,,,
2480,DUZDL,R3,R3,,,,,
2481,580G0,R7,R7,,,,,
2482,580G0,R7,R7,,,,,
2483,580G0,Else,Else,,,,,
2484,580G0,R7,R3,,,,,
2485,580G0,R7,R7,,,,,
2486,580G0,R5,R3,,,,,
2487,S2S7I,R5,R7,,,,,
2488,S2S7I,R5,R5,,,,,
2489,JP5NM,R7,R7,,,,,
2490,JP5NM,R7,R7,,,,,
2491,LQC89,R7,R7,,,,,
2492,J662Y,R7,R5,,,,,
2493,J662Y,R7,R7,,,,,
2494,J662Y,R7,R7,,,,,
2495,DD3Q1,R3,R7,,,,,
2496,ARWNX,R5,R7,,,,,
2497,6XB10,R5,Else,,,,,
2498,6XB10,R7,R7,,,,,
2499,6XB10,Else,Else,,,,,
2500,F66WG,R3,R3,,,,,
2501,F66WG,Else,Else,,,,,
2502,F66WG,R7,R5,,,,,
2503,F66WG,R5,R7,,,,,
2504,F66WG,R3,R7,,,,,
2505,F66WG,R7,R7,,,,,
2506,F66WG,R7,R3,,,,,
2507,F66WG,Else,R3,,,,,
2508,F66WG,Else,R3,,,,,
2509,CIUVA,Else,Else,,,,,
2510,CIUVA,R5,R3,,,,,
2511,ATCOR,R7,R7,,,,,
2512,ATCOR,R7,R5,,,,,
2513,9KDP0,R7,R7,,,,,
2514,9KDP0,R7,R7,,,,,
2515,9KDP0,R3,R5,,,,,
2516,V26U3,R7,R7,,,,,
2517,V26U3,R7,R7,,,,,
2518,V26U3,R5,R7,,,,,
2519,NKLTK,R5,R7,,,,,
2520,NKLTK,R5,R5,,,,,
2521,NKLTK,R5,R3,,,,,
2522,NKLTK,R5,R5,,,,,
2523,PLJIZ,R7,R7,,,,,
2524,UOZES,Else,R3,,,,,
2525,UOZES,Else,Else,,,,,
2526,UOZES,Else,Else,,,,,
2527,UOZES,R5,R3,,,,,
2528,UOZES,Else,R3,,,,,
2529,LLRKS,R7,R7,,,,,
2530,PAS7F,Else,Else,,,,,
2531,WISO0,R7,R5,,,,,
2532,GOPZI,Else,Else,,,,,
2533,GOPZI,R7,R7,,,,,
2534,EHIOY,R5,R3,,,,,
2535,EHIOY,R5,R5,,,,,
2536,EHIOY,R5,R7,,,,,
2537,8LVCL,R3,R7,,,,,
2538,TIWRY,R7,R5,,,,,
2539,TIWRY,R7,R7,,,,,
2540,WK9HE,R7,R7,,,,,
2541,Y8L60,R7,R7,,,,,
2542,OU3XH,Else,Else,,,,,
2543,OU3XH,Else,R7,,,,,
2544,OU3XH,Else,R3,,,,,
2545,OU3XH,Else,Else,,,,,
2546,8N4O9,R5,R7,,,,,
2547,8N4O9,R5,R5,,,,,
2548,8N4O9,Else,Else,,,,,
2549,8N4O9,R5,R3,,,,,
2550,8N4O9,Else,R5,,,,,
2551,8N4O9,R5,R7,,,,,
2552,8N4O9,Else,R3,,,,,
2553,8N4O9,R5,R3,,,,,
2554,8N4O9,R3,R3,,,,,
2555,8N4O9,R5,R5,,,,,
2556,83FK5,R3,R7,,,,,
2557,LBJ0W,R5,R5,,,,,
2558,LBJ0W,Else,R3,,,,,
2559,35ZZP,Else,Else,,,,,
2560,77JGY,R7,R5,,,,,
2561,77JGY,R5,R7,,,,,
2562,77JGY,R3,Else,,,,,
2563,77JGY,R5,R7,,,,,
2564,77JGY,R5,R5,,,,,
2565,77JGY,R5,Else,,,,,
2566,77JGY,R5,R7,,,,,
2567,Z9RED,R7,R7,,,,,
2568,G6K7T,R7,Else,,,,,
2569,J1MMG,R3,Else,,,,,
2570,J1MMG,R3,Else,,,,,
2571,2XXH8,R3,Else,,,,,
2572,G3UF4,R7,R3,,,,,
2573,MZZ8Q,R7,R7,,,,,
2574,MZZ8Q,Else,Else,,,,,
2575,MZZ8Q,Else,R7,,,,,
2576,MZZ8Q,Else,Else,,,,,
2577,KF08J,R3,Else,,,,,
2578,KF08J,Else,Else,,,,,
2579,3J85M,Else,Else,,,,,
2580,3J85M,Else,Else,,,,,
2581,3J85M,Else,Else,,,,,
2582,3J85M,R3,Else,,,,,
2583,3J85M,Else,Else,,,,,
2584,GKBSR,Else,Else,,,,,
2585,Q5YDL,Else,R7,,,,,
2586,Q5YDL,R7,R5,,,,,
2587,Q5YDL,Else,R3,,,,,
2588,RT1JY,R5,R5,,,,,
2589,RT1JY,R7,R7,,,,,
2590,RT1JY,R5,R5,,,,,
2591,U0P7W,R3,R5,,,,,
2592,U0P7W,R3,R5,,,,,
2593,U0P7W,R3,R3,,,,,
2594,9TPP3,R5,R7,,,,,
2595,TBEV0,R7,R7,,,,,
2596,TBEV0,R7,R5,,,,,
2597,QLGHA,R7,R7,,,,,
2598,4KYZH,Else,Else,,,,,
2599,4KYZH,Else,Else,,,,,
2600,4KYZH,Else,Else,,,,,
2601,4KYZH,R7,R7,,,,,
2602,TK1VC,R3,Else,,,,,
2603,TK1VC,R7,R7,,,,,
2604,TK1VC,R5,Else,,,,,
2605,TK1VC,R7,R7,,,,,
2606,TK1VC,R5,R3,,,,,
2607,TK1VC,R5,R5,,,,,
2608,52KNA,Else,R7,,,,,
2609,SE2K2,R7,R7,,,,,
2610,SE2K2,Else,Else,,,,,
2611,LCLLN,R7,R7,,,,,
2612,LCLLN,R3,R5,,,,,
2613,LCLLN,R7,Else,,,,,
2614,RNLTR,R3,Else,,,,,
2615,SS3IL,R5,R3,,,,,
2616,SS3IL,R5,R7,,,,,
2617,SS3IL,Else,R5,,,,,
2618,G6ZOB,R7,R7,,,,,
2619,G6ZOB,Else,Else,,,,,
2620,G6ZOB,Else,Else,,,,,
2621,SRTX6,R3,R7,,,,,
2622,XOWBN,R7,R7,,,,,
2623,SOZ1G,R7,R5,,,,,
2624,SOZ1G,Else,Else,,,,,
2625,AK9PN,R3,R5,,,,,
2626,AK9PN,R7,R7,,,,,
2627,AK9PN,Else,R5,,,,,
2628,AK9PN,R5,R5,,,,,
2629,AK9PN,R5,R5,,,,,
2630,J0AMJ,Else,R5,,,,,
2631,J0AMJ,R5,R7,,,,,
2632,J0AMJ,R5,R3,,,,,
2633,8LLI3,Else,R3,,,,,
2634,8LLI3,R7,Else,,,,,
2635,8LLI3,R5,R5,,,,,
2636,8LLI3,R3,Else,,,,,
2637,8LLI3,R3,R3,,,,,
2638,CG83G,R5,R3,,,,,
2639,CG83G,Else,R3,,,,,
2640,VFAE3,Else,Else,,,,,
2641,VFAE3,Else,R3,,,,,
2642,VFAE3,R5,R3,,,,,
2643,VFAE3,Else,R3,,,,,
2644,2PZBY,R3,R5,,,,,
2645,DFSHF,R3,R7,,,,,
2646,DFSHF,R3,R5,,,,,
2647,TCJWE,Else,Else,,,,,
2648,IULK6,R5,R5,,,,,
2649,IULK6,R7,R3,,,,,
2650,IULK6,R7,R7,,,,,
2651,OWUW8,R7,R7,,,,,
2652,OWUW8,R7,R7,,,,,
2653,OWUW8,Else,Else,,,,,
2654,7RA0M,R5,R3,,,,,
2655,CUQYX,R3,R3,,,,,
2656,CUQYX,Else,Else,,,,,
2657,CUQYX,R5,R5,,,,,
2658,CUQYX,R5,R7,,,,,
2659,CUQYX,R3,R3,,,,,
2660,CUQYX,R3,R3,,,,,
2661,FLDHS,Else,Else,,,,,
2662,FLDHS,Else,Else,,,,,
2663,OKHVL,R5,R5,,,,,
2664,OKHVL,Else,R5,,,,,
2665,OKHVL,Else,Else,,,,,
2666,OKHVL,R3,R5,,,,,
2667,J2XFQ,R7,R7,,,,,
2668,J2XFQ,R5,R5,,,,,
2669,J2XFQ,R7,R7,,,,,
2670,J2XFQ,R7,R7,,,,,
2671,J2XFQ,R5,R5,,,,,
2672,J2XFQ,R7,R7,,,,,
2673,J2XFQ,R7,R7,,,,,
2674,J2XFQ,R7,R7,,,,,
2675,98W87,R5,R5,,,,,
2676,8Q7ZI,R5,R5,,,,,
2677,1BGZ0,R7,R5,,,,,
2678,1BGZ0,R5,R5,,,,,
2679,1BGZ0,R7,R7,,,,,
2680,1BGZ0,R3,Else,,,,,
2681,1BGZ0,R3,R5,,,,,
2682,1BGZ0,R7,R5,,,,,
2683,1BGZ0,R5,R7,,,,,
2684,1BGZ0,Else,R7,,,,,
2685,1BGZ0,R7,R7,,,,,
2686,YO3KO,R7,Else,,,,,
2687,YO3KO,R3,R7,,,,,
2688,EOUCM,R7,R7,,,,,
2689,EOUCM,Else,R5,,,,,
2690,EOUCM,Else,R7,,,,,
2691,EOUCM,Else,R5,,,,,
2692,EOUCM,Else,R5,,,,,
2693,W86WR,Else,R3,,,,,
2694,W86WR,Else,Else,,,,,
2695,NF45F,R7,Else,,,,,
2696,NF45F,R7,R7,,,,,
2697,NF45F,R5,R5,,,,,
2698,NF45F,R5,R5,,,,,
2699,NF45F,R5,R7,,,,,
2700,2AIP4,R5,R3,,,,,
2701,2AIP4,R5,R7,,,,,
2702,2AIP4,Else,Else,,,,,
2703,2AIP4,Else,R3,,,,,
2704,3MX8V,Else,Else,,,,,
2705,3MX8V,R7,R5,,,,,
2706,3MX8V,Else,Else,,,,,
2707,AT9UV,R7,R7,,,,,
2708,AT9UV,R7,R7,,,,,
2709,TCOXG,R7,R7,,,,,
2710,TCOXG,R5,R5,,,,,
2711,TCOXG,Else,R5,,,,,
2712,TCOXG,R5,R5,,,,,
2713,L8RW8,Else,Else,,,,,
2714,L8RW8,Else,Else,,,,,
2715,K64GM,Else,Else,,,,,
2716,VXZBA,R5,R5,,,,,
2717,VXZBA,Else,Else,,,,,
2718,0O6RK,R7,R7,,,,,
2719,0O6RK,R7,R7,,,,,
2720,0O6RK,R5,R7,,,,,
2721,0O6RK,R7,R7,,,,,
2722,0O6RK,R5,R7,,,,,
2723,0O6RK,R3,R5,,,,,
2724,0O6RK,R7,R7,,,,,
2725,0O6RK,R5,R3,,,,,
2726,L3ZRP,R3,Else,,,,,
2727,L3ZRP,R5,R7,,,,,
2728,358JF,R5,R5,,,,,
2729,358JF,Else,R7,,,,,
2730,02SKC,R3,Else,,,,,
2731,02SKC,R7,R5,,,,,
2732,LSMNX,Else,Else,,,,,
2733,P8G8V,R5,R7,,,,,
2734,P8G8V,R7,R7,,,,,
2735,P8G8V,R7,R7,,,,,
2736,JQRMQ,Else,Else,,,,,
2737,JQRMQ,R3,R3,,,,,
2738,JQRMQ,R3,R3,,,,,
2739,JQRMQ,R3,R3,,,,,
2740,JQRMQ,Else,Else,,,,,
2741,VJG6E,R3,R3,,,,,
2742,VJG6E,R7,R7,,,,,
2743,VJG6E,R7,R3,,,,,
2744,VJG6E,R7,R7,,,,,
2745,OPSF8,R7,R7,,,,,
2746,OPSF8,R7,R7,,,,,
2747,OPSF8,R7,R7,,,,,
2748,OPSF8,R5,R7,,,,,
2749,HVFXT,Else,R3,,,,,
2750,QIT2W,R5,R5,,,,,
2751,QIT2W,R3,R7,,,,,
2752,QIT2W,Else,R7,,,,,
2753,QIT2W,R3,R5,,,,,
2754,QIT2W,Else,Else,,,,,
2755,ZI1GC,R7,R7,,,,,
2756,ZI1GC,Else,Else,,,,,
2757,ZI1GC,R5,R5,,,,,
2758,4BEZX,Else,R5,,,,,
2759,4BEZX,R5,R5,,,,,
2760,4BEZX,Else,R5,,,,,
2761,4BEZX,Else,R7,,,,,
2762,4BEZX,Else,Else,,,,,
2763,4BEZX,R3,R5,,,,,
2764,4BEZX,R3,R5,,,,,
2765,4BEZX,Else,R5,,,,,
2766,4BEZX,Else,R5,,,,,
2767,4BEZX,Else,R7,,,,,
2768,VNUPE,Else,Else,,,,,
2769,VZE8E,R7,R7,,,,,
2770,VZE8E,R3,R3,,,,,
2771,VZE8E,R7,R3,,,,,
2772,VZE8E,R5,R5,,,,,
2773,VZE8E,R3,R5,,,,,
2774,VZE8E,R3,Else,,,,,
2775,VZE8E,R7,R5,,,,,
2776,NYHD7,R5,R5,,,,,
2777,SM41Q,R7,R7,,,,,
2778,SM41Q,R3,R5,,,,,
2779,VS7VS,R7,R5,,,,,
2780,O1LMX,Else,Else,,,,,
2781,O1LMX,R7,R3,,,,,
2782,O1LMX,R5,R5,,,,,
2783,O1LMX,Else,Else,,,,,
2784,O1LMX,R5,R5,,,,,
2785,7177T,Else,Else,,,,,
2786,7177T,Else,Else,,,,,
2787,7177T,R7,Else,,,,,
2788,00T1E,Else,Else,,,,,
2789,00T1E,R3,R5,,,,,
2790,00T1E,R5,R5,,,,,
2791,00T1E,R3,R5,,,,,
2792,LSKA2,R3,R7,,,,,
2793,UKSCV,R5,R7,,,,,
2794,UKSCV,R3,Else,,,,,
2795,UKSCV,Else,Else,,,,,
2796,UKSCV,Else,R5,,,,,
2797,UKSCV,Else,R5,,,,,
2798,UKSCV,R7,R7,,,,,
2799,UKSCV,R7,R7,,,,,
2800,UKSCV,Else,Else,,,,,
2801,CXNYW,R7,R7,,,,,
2802,CXNYW,R3,R7,,,,,
2803,CXNYW,R7,Else,,,,,
2804,3XL0K,R3,R7,,,,,
2805,3XL0K,R3,R5,,,,,
2806,O5V8D,Else,Else,,,,,
2807,O5V8D,R5,Else,,,,,
2808,ME4YL,Else,R5,,,,,
2809,ME4YL,R7,R5,,,,,
2810,ME4YL,Else,R7,,,,,
2811,ME4YL,R5,Else,,,,,
2812,ME4YL,R5,Else,,,,,
2813,ME4YL,Else,Else,,,,,
2814,9OCQT,R7,Else,,,,,
2815,9OCQT,R3,R5,,,,,
2816,Z4Y04,Else,R5,,,,,
2817,RG0KS,R7,R5,,,,,
2818,65UVU,R5,R5,,,,,
2819,65UVU,R5,R5,,,,,
2820,65UVU,R5,R7,,,,,
2821,JZ45I,Else,Else,,,,,
2822,JZ45I,Else,Else,,,,,
2823,JZ45I,Else,Else,,,,,
2824,UL5X4,R7,R7,,,,,
2825,UL5X4,R7,R7,,,,,
2826,LKH9A,Else,R5,,,,,
2827,LKH9A,R7,R7,,,,,
2828,LKH9A,R5,R7,,,,,
2829,LKH9A,R7,R7,,,,,
2830,HDHGT,Else,R3,,,,,
2831,HDHGT,R3,Else,,,,,
2832,HDHGT,R7,R5,,,,,
2833,HDHGT,R5,R5,,,,,
2834,GH19N,Else,Else,,,,,
2835,GH19N,Else,Else,,,,,
2836,GH19N,R5,R7,,,,,
2837,GH19N,R3,R5,,,,,
2838,GH19N,R7,R7,,,,,
2839,QFL2O,Else,R7,,,,,
2840,QFL2O,Else,R7,,,,,
2841,D9PWE,R3,R7,,,,,
2842,SJJLG,R7,R7,,,,,
2843,SJJLG,R7,R5,,,,,
2844,SJJLG,R5,R7,,,,,
2845,SJJLG,R7,R5,,,,,
2846,SJJLG,R7,R7,,,,,
2847,SJJLG,R7,R7,,,,,
2848,SJJLG,R7,R5,,,,,
2849,AF8I2,Else,Else,,,,,
2850,XJE7I,R3,R7,,,,,
2851,XJE7I,Else,Else,,,,,
2852,XJE7I,Else,Else,,,,,
2853,XJE7I,R3,R7,,,,,
2854,XJE7I,R7,Else,,,,,
2855,XJE7I,Else,Else,,,,,
2856,XJE7I,R3,R7,,,,,
2857,XJE7I,Else,Else,,,,,
2858,4A28I,R3,R7,,,,,
2859,4A28I,Else,Else,,,,,
2860,4A28I,R7,R7,,,,,
2861,6H78U,R7,R7,,,,,
2862,CPM4M,R7,R7,,,,,
2863,CPM4M,R5,R5,,,,,
2864,CPM4M,R5,R7,,,,,
2865,CPM4M,R5,R3,,,,,
2866,CPM4M,R3,R3,,,,,
2867,CPM4M,R3,R3,,,,,
2868,LRDW5,Else,R3,,,,,
2869,LRDW5,R7,R7,,,,,
2870,LRDW5,R7,R5,,,,,
2871,LRDW5,Else,R7,,,,,
2872,LRDW5,Else,Else,,,,,
2873,LRDW5,R5,R7,,,,,
2874,0WYBK,R7,R7,,,,,
2875,0WYBK,R5,R7,,,,,
2876,0WYBK,R5,R5,,,,,
2877,NTXXB,R3,R3,,,,,
2878,NTXXB,R3,R5,,,,,
2879,NTXXB,Else,Else,,,,,
2880,NTXXB,Else,R7,,,,,
2881,NTXXB,Else,R7,,,,,
2882,JOMFO,R5,R7,,,,,
2883,JOMFO,R5,R7,,,,,
2884,1GGRY,R7,R5,,,,,
2885,1GGRY,R7,R7,,,,,
2886,BEJVY,R5,R5,,,,,
2887,BEJVY,Else,Else,,,,,
2888,EJZZZ,R3,R3,,,,,
2889,62AC0,R7,R7,,,,,
2890,SLAH4,Else,Else,,,,,
2891,SLAH4,Else,Else,,,,,
2892,JDZV7,R7,R7,,,,,
2893,JDZV7,R7,R7,,,,,
2894,JDZV7,R5,Else,,,,,
2895,JDZV7,Else,Else,,,,,
2896,JDZV7,R7,R7,,,,,
2897,1GII3,R5,R5,,,,,
2898,1GII3,R3,R3,,,,,
2899,1GII3,R3,R3,,,,,
2900,UD0P0,R5,R5,,,,,
2901,UD0P0,Else,Else,,,,,
2902,YNF6O,R5,R7,,,,,
2903,T8VDU,R7,Else,,,,,
2904,T8VDU,Else,R5,,,,,
2905,0TKKR,Else,Else,,,,,
2906,0TKKR,R7,R5,,,,,
2907,0TKKR,Else,Else,,,,,
2908,0TKKR,R3,Else,,,,,
2909,0TKKR,Else,Else,,,,,
2910,0TKKR,R7,R5,,,,,
2911,17P5V,R5,R5,,,,,
2912,17P5V,R5,R7,,,,,
2913,15PMU,Else,Else,,,,,
2914,15PMU,Else,Else,,,,,
2915,15PMU,R5,R7,,,,,
2916,15PMU,Else,R5,,,,,
2917,15PMU,R7,R7,,,,,
2918,FMZOY,R7,R7,,,,,
2919,9AC1T,R5,R5,,,,,
2920,9AC1T,R5,R5,,,,,
2921,GGN5G,R7,R7,,,,,
2922,2UQKZ,R7,R3,,,,,
2923,2UQKZ,R5,R7,,,,,
2924,W1CG2,Else,R7,,,,,
2925,W1CG2,Else,Else,,,,,
2926,W1CG2,Else,R3,,,,,
2927,JHB0M,R5,R7,,,,,
2928,JHB0M,R7,R7,,,,,
2929,JHB0M,R5,R7,,,,,
2930,JHB0M,Else,R7,,,,,
2931,JHB0M,R5,R7,,,,,
2932,JHB0M,Else,Else,,,,,
2933,NQMMJ,R7,R7,,,,,
2934,NQMMJ,R7,R7,,,,,
2935,EXYY8,R7,R7,,,,,
2936,EXYY8,R7,R7,,,,,
2937,NAZ52,R3,Else,,,,,
2938,NAZ52,Else,Else,,,,,
2939,NAZ52,Else,Else,,,,,
2940,NAZ52,Else,Else,,,,,
2941,NAZ52,Else,Else,,,,,
2942,NAZ52,Else,Else,,,,,
2943,BDZNW,R7,R7,,,,,
2944,BDZNW,R7,R7,,,,,
2945,ZJRCS,Else,Else,,,,,
2946,ZJRCS,Else,R3,,,,,
2947,N0ODO,R7,R3,,,,,
2948,N0ODO,R5,R7,,,,,
2949,N0ODO,R7,R5,,,,,
2950,FQOGZ,R7,Else,,,,,
2951,FQOGZ,Else,R3,,,,,
2952,FQOGZ,Else,Else,,,,,
2953,FQOGZ,Else,Else,,,,,
2954,IEQWT,R5,R7,,,,,
2955,IEQWT,Else,R5,,,,,
2956,X817Z,R7,R7,,,,,
2957,X817Z,Else,R3,,,,,
2958,X817Z,R7,R7,,,,,
2959,RG0JH,R7,R7,,,,,
2960,RG0JH,R7,R7,,,,,
2961,RG0JH,R5,R7,,,,,
2962,VF49P,R7,R7,,,,,
2963,HQ8ZM,R7,R7,,,,,
2964,XHYA2,R5,R5,,,,,
2965,XHYA2,R3,Else,,,,,
2966,XHYA2,R7,R7,,,,,
2967,XHYA2,R7,R5,,,,,
2968,XHYA2,R7,R7,,,,,
2969,XHYA2,R7,R7,,,,,
2970,1W6ZK,R7,R7,,,,,
2971,1W6ZK,R3,R5,,,,,
2972,1W6ZK,R5,R3,,,,,
2973,1W6ZK,R7,R7,,,,,
2974,1W6ZK,R7,R7,,,,,
2975,VXEXI,Else,Else,,,,,
2976,VXEXI,Else,Else,,,,,
2977,1BBIY,R5,R7,,,,,
2978,1BBIY,Else,R5,,,,,
2979,1BBIY,Else,R5,,,,,
2980,93REJ,Else,Else,,,,,
2981,KJRR9,R7,R7,,,,,
2982,KJRR9,R7,R7,,,,,
2983,KJRR9,R3,R5,,,,,
2984,KJRR9,R5,R5,,,,,
2985,KJRR9,R5,R3,,,,,
2986,9M48H,Else,R5,,,,,
2987,9M48H,Else,R3,,,,,
2988,9M48H,Else,Else,,,,,
2989,WX8N8,R3,R7,,,,,
2990,I7GZI,R5,R7,,,,,
2991,I7GZI,Else,R5,,,,,
2992,I7GZI,R5,R5,,,,,
2993,NATEB,R7,Else,,,,,
2994,NATEB,Else,Else,,,,,
2995,NATEB,Else,Else,,,,,
2996,IBWAW,Else,R3,,,,,
2997,IBWAW,R3,R5,,,,,
2998,IBWAW,R5,R3,,,,,
2999,IBWAW,Else,R7,,,,,
3000,IBWAW,R7,R7,,,,,
3001,A1BS2,Else,Else,,,,,
3002,A1BS2,Else,Else,,,,,
3003,A1BS2,Else,Else,,,,,
3004,MFGLZ,Else,R3,,,,,
3005,MFGLZ,R5,R7,,,,,
3006,QN7Y2,Else,R3,,,,,
3007,QN7Y2,R3,R7,,,,,
3008,610PZ,R3,R7,,,,,
3009,6TC5G,R3,Else,,,,,
3010,6TC5G,R7,R5,,,,,
3011,6TC5G,R3,R7,,,,,
3012,6TC5G,R3,R7,,,,,
3013,6TC5G,R3,R7,,,,,
3014,6TC5G,Else,Else,,,,,
3015,XZ2WT,R5,R7,,,,,
3016,6OQYV,Else,R7,,,,,
3017,6OQYV,R7,R7,,,,,
3018,6OQYV,R7,R7,,,,,
3019,6OQYV,Else,R3,,,,,
3020,6OQYV,Else,Else,,,,,
3021,CEZ4D,Else,Else,,,,,
3022,CEZ4D,Else,R7,,,,,
3023,F75LG,R7,R7,,,,,
3024,AYSTI,Else,Else,,,,,
3025,FQGW4,Else,Else,,,,,
3026,FQGW4,R5,R5,,,,,
3027,FQGW4,R7,R7,,,,,
3028,FQGW4,R3,Else,,,,,
3029,FQGW4,R7,R7,,,,,
3030,FQGW4,R5,R7,,,,,
3031,FQGW4,R7,R7,,,,,
3032,HH1R7,R7,R7,,,,,
3033,0PVKV,Else,Else,,,,,
3034,0PVKV,Else,Else,,,,,
3035,0PVKV,R7,Else,,,,,
3036,0PVKV,Else,Else,,,,,
3037,T42A2,R5,R5,,,,,
3038,W8P6Q,Else,Else,,,,,
3039,W8P6Q,R5,Else,,,,,
3040,QF1Y0,R3,R5,,,,,
3041,QF1Y0,Else,R5,,,,,
3042,QF1Y0,R7,R7,,,,,
3043,0DD62,Else,Else,,,,,
3044,LCA0Q,Else,R3,,,,,
3045,TU9K1,R7,R5,,,,,
3046,TU9K1,R5,R5,,,,,
3047,TU9K1,R7,R5,,,,,
3048,EK5K1,R3,R5,,,,,
3049,EK5K1,Else,Else,,,,,
3050,EK5K1,R5,R5,,,,,
3051,EDSUD,Else,R5,,,,,
3052,7KW31,Else,R5,,,,,
3053,G2QBV,Else,Else,,,,,
3054,G2QBV,R3,Else,,,,,
3055,G2QBV,Else,Else,,,,,
3056,G2QBV,Else,Else,,,,,
3057,G2QBV,R5,R3,,,,,
3058,G2QBV,R3,R3,,,,,
3059,3IAPG,Else,Else,,,,,
3060,6B2FN,R5,R7,,,,,
3061,6B2FN,R5,R5,,,,,
3062,MZ3I3,Else,Else,,,,,
3063,MZ3I3,R5,R5,,,,,
3064,MZ3I3,R7,R7,,,,,
3065,MZ3I3,R7,R7,,,,,
3066,MZ3I3,R5,R3,,,,,
3067,MZ3I3,Else,R5,,,,,
3068,MZ3I3,R7,R7,,,,,
3069,M6ERH,R7,R7,,,,,
3070,V6H2O,R5,R5,,,,,
3071,V6H2O,R7,Else,,,,,
3072,V6H2O,R7,R7,,,,,
3073,C6INR,Else,Else,,,,,
3074,2U3X0,R5,R5,,,,,
3075,2U3X0,R3,R5,,,,,
3076,2U3X0,R5,R7,,,,,
3077,2U3X0,R7,R7,,,,,
3078,2U3X0,R5,R5,,,,,
3079,14HG1,R5,R5,,,,,
3080,0A8CF,R7,R7,,,,,
3081,0A8CF,R7,R5,,,,,
3082,QBUAT,R7,R7,,,,,
3083,QBUAT,R5,Else,,,,,
3084,QBUAT,R3,R5,,,,,
3085,QBUAT,R7,R7,,,,,
3086,48XER,R5,Else,,,,,
3087,48XER,R3,Else,,,,,
3088,48XER,R5,R7,,,,,
3089,KK7D4,R7,R5,,,,,
3090,KK7D4,R5,Else,,,,,
3091,KK7D4,R7,Else,,,,,
3092,3LIGG,R5,R5,,,,,
3093,EJFUA,R7,R7,,,,,
3094,EJFUA,R7,R7,,,,,
3095,EJFUA,R5,R5,,,,,
3096,73ZXZ,R7,R7,,,,,
3097,73ZXZ,R7,R5,,,,,
3098,73ZXZ,R7,R3,,,,,
3099,73ZXZ,R7,R7,,,,,
3100,FAO7J,Else,Else,,,,,
3101,FAO7J,R7,R7,,,,,
3102,FAO7J,Else,R7,,,,,
3103,FAO7J,R5,R7,,,,,
3104,FAO7J,R7,R5,,,,,
3105,FAO7J,Else,Else,,,,,
3106,COFJV,Else,R5,,,,,
3107,COFJV,Else,Else,,,,,
3108,COFJV,R5,R7,,,,,
3109,BD9UN,Else,Else,,,,,
3110,LPKPO,R7,R3,,,,,
3111,LPKPO,R3,R7,,,,,
3112,LPKPO,R7,R7,,,,,
3113,LD6TD,R3,Else,,,,,
3114,LD6TD,Else,Else,,,,,
3115,QD1U7,Else,R5,,,,,
3116,LWRKS,Else,R5,,,,,
3117,S444Y,Else,R5,,,,,
3118,ZSAQG,R7,R7,,,,,
3119,ZSAQG,R7,R7,,,,,
3120,ZSAQG,R7,R7,,,,,
3121,FC2SK,R7,R5,,,,,
3122,FC2SK,Else,R7,,,,,
3123,FC2SK,R5,Else,,,,,
3124,JKGTN,R3,R3,,,,,
3125,JKGTN,Else,R3,,,,,
3126,JKGTN,R3,R3,,,,,
3127,0LDN3,R5,R3,,,,,
3128,0LDN3,R5,R7,,,,,
3129,0LDN3,R5,R7,,,,,
3130,0LDN3,R5,R5,,,,,
3131,PJUM0,R3,R5,,,,,
3132,PJUM0,R7,Else,,,,,
3133,PJUM0,R5,R7,,,,,
3134,PJUM0,R5,R7,,,,,
3135,PJUM0,R7,R7,,,,,
3136,1TZK5,R5,R3,,,,,
3137,83S5W,R3,R3,,,,,
3138,TFWNO,R7,R7,,,,,
3139,TFWNO,Else,Else,,,,,
3140,TFWNO,Else,R3,,,,,
3141,TFWNO,R7,Else,,,,,
3142,TFWNO,Else,Else,,,,,
3143,C6V75,Else,Else,,,,,
3144,BRBWJ,Else,Else,,,,,
3145,3OZUX,R5,Else,,,,,
3146,X11CU,Else,Else,,,,,
3147,X11CU,Else,Else,,,,,
3148,BRQBD,R5,R5,,,,,
3149,BRQBD,Else,Else,,,,,
3150,7614L,Else,Else,,,,,
3151,7614L,Else,Else,,,,,
3152,ON2Z4,Else,R5,,,,,
3153,ON2Z4,R7,R3,,,,,
3154,ON2Z4,R7,R5,,,,,
3155,ON2Z4,R7,R7,,,,,
3156,HQ8K2,R7,R7,,,,,
3157,4VX01,R5,R7,,,,,
3158,4VX01,R7,R7,,,,,
3159,4VX01,R7,R7,,,,,
3160,4VX01,R7,R7,,,,,
3161,3Q92U,R3,R3,,,,,
3162,4WVTC,R7,R7,,,,,
3163,4WVTC,Else,Else,,,,,
3164,4WVTC,R3,R5,,,,,
3165,4TX4N,Else,R5,,,,,
3166,4TX4N,Else,R7,,,,,
3167,4TX4N,Else,R7,,,,,
3168,4TX4N,Else,Else,,,,,
3169,999BP,R5,R5,,,,,
3170,999BP,Else,Else,,,,,
3171,AFUBX,Else,R3,,,,,
3172,AFUBX,Else,Else,,,,,
3173,AFUBX,Else,Else,,,,,
3174,AFUBX,Else,Else,,,,,
3175,O8T6G,R5,Else,,,,,
3176,O8T6G,Else,R7,,,,,
3177,O8T6G,R7,R7,,,,,
3178,NHH8N,R5,R5,,,,,
3179,7R0LB,Else,Else,,,,,
3180,7R0LB,Else,Else,,,,,
3181,7R0LB,Else,Else,,,,,
3182,RON2M,R5,R3,,,,,
3183,RON2M,R7,R7,,,,,
3184,RON2M,R7,R7,,,,,
3185,DOYQE,Else,Else,,,,,
3186,DOYQE,Else,Else,,,,,
3187,DOYQE,Else,Else,,,,,
3188,3VWSP,Else,R5,,,,,
3189,ZPRJH,R7,R5,,,,,
3190,ZPRJH,R5,R7,,,,,
3191,ZPRJH,R7,R7,,,,,
3192,ZPRJH,R7,R7,,,,,
3193,ZPRJH,R7,R5,,,,,
3194,WEW2E,Else,Else,,,,,
3195,WEW2E,R5,R7,,,,,
3196,K5NFS,R5,R5,,,,,
3197,K5NFS,R3,R7,,,,,
3198,K5NFS,R7,R7,,,,,
3199,K5NFS,Else,Else,,,,,
3200,4ZJXR,Else,R5,,,,,
3201,44PFW,Else,Else,,,,,
3202,44PFW,R5,R7,,,,,
3203,44PFW,R7,R7,,,,,
3204,TTVN5,R7,R5,,,,,
3205,TTVN5,R3,R7,,,,,
3206,TTVN5,R7,Else,,,,,
3207,WKVWF,R7,R5,,,,,
3208,WKVWF,R7,Else,,,,,
3209,WKVWF,R3,R5,,,,,
3210,WKVWF,R5,R5,,,,,
3211,WKVWF,Else,Else,,,,,
3212,HBL9L,R5,R5,,,,,
3213,HBL9L,R5,R5,,,,,
3214,Z0DO7,R3,R5,,,,,
3215,LQ0FJ,Else,R5,,,,,
3216,LQ0FJ,Else,Else,,,,,
3217,GQ341,R5,Else,,,,,
3218,GQ341,R7,Else,,,,,
3219,GQ341,R5,Else,,,,,
3220,PH5VU,Else,Else,,,,,
3221,PH5VU,R3,R3,,,,,
3222,PH5VU,Else,R3,,,,,
3223,6E8GP,R5,R7,,,,,
3224,6E8GP,R3,R7,,,,,
3225,6E8GP,R7,R7,,,,,
3226,U5T4M,Else,Else,,,,,
3227,U5T4M,Else,R5,,,,,
3228,U5T4M,Else,Else,,,,,
3229,U5T4M,Else,R3,,,,,
3230,U5T4M,R7,Else,,,,,
3231,U5T4M,Else,Else,,,,,
3232,U5T4M,Else,R7,,,,,
3233,EYZXC,R5,R7,,,,,
3234,EYZXC,Else,Else,,,,,
3235,EYZXC,R7,R7,,,,,
3236,ONMCW,R7,R7,,,,,
3237,ONMCW,R5,Else,,,,,
3238,WXXYY,Else,Else,,,,,
3239,WXXYY,R7,R7,,,,,
3240,WXXYY,R7,R7,,,,,
3241,WXXYY,R5,Else,,,,,
3242,WXXYY,R3,R5,,,,,
3243,WXXYY,Else,Else,,,,,
3244,WXXYY,Else,R5,,,,,
3245,1B9DK,R5,R5,,,,,
3246,1B9DK,R5,R7,,,,,
3247,1B9DK,R7,Else,,,,,
3248,PN1F2,R5,R7,,,,,
3249,PN1F2,R3,R5,,,,,
3250,PN1F2,R5,R5,,,,,
3251,PN1F2,R3,R5,,,,,
3252,0F7LW,R7,Else,,,,,
3253,0F7LW,R7,R7,,,,,
3254,0F7LW,R5,R7,,,,,
3255,0F7LW,R3,R5,,,,,
3256,0F7LW,R5,Else,,,,,
3257,0F7LW,R7,R7,,,,,
3258,0F7LW,Else,R7,,,,,
3259,AKU63,R7,R5,,,,,
3260,XYJYK,Else,Else,,,,,
3261,3VH9O,Else,Else,,,,,
3262,3VH9O,R3,R3,,,,,
3263,3VH9O,Else,Else,,,,,
3264,3VH9O,Else,Else,,,,,
3265,0J1BT,R5,R5,,,,,
3266,7R44Z,R5,R3,,,,,
3267,7R44Z,R3,R3,,,,,
3268,E8JEJ,R5,Else,,,,,
3269,E8JEJ,R7,R7,,,,,
3270,E8JEJ,R5,Else,,,,,
3271,D8FTI,Else,Else,,,,,
3272,D8FTI,Else,Else,,,,,
3273,0HR01,R5,R5,,,,,
3274,4RT06,R7,R7,,,,,
3275,4RT06,Else,R5,,,,,
3276,4RT06,R3,R3,,,,,
3277,4RT06,R5,R3,,,,,
3278,4RT06,Else,Else,,,,,
3279,4RT06,R7,R7,,,,,
3280,4RT06,R3,R5,,,,,
3281,6FJBD,Else,R3,,,,,
3282,6FJBD,Else,R3,,,,,
3283,S407A,Else,Else,,,,,
3284,S407A,Else,R5,,,,,
3285,S407A,Else,Else,,,,,
3286,HP3HV,Else,R3,,,,,
3287,BLLCM,Else,Else,,,,,
3288,5GP8M,R7,Else,,,,,
3289,NO443,R7,R7,,,,,
3290,UPT25,R5,R5,,,,,
3291,UPT25,R7,R7,,,,,
3292,72M7T,Else,R7,,,,,
3293,72M7T,Else,R7,,,,,
3294,72M7T,R5,R7,,,,,
3295,72M7T,R3,Else,,,,,
3296,72M7T,R7,Else,,,,,
3297,SROEU,Else,Else,,,,,
3298,SROEU,R5,R7,,,,,
3299,SROEU,R7,R7,,,,,
3300,SROEU,R7,R7,,,,,
3301,N9KNS,R5,Else,,,,,
3302,N9KNS,Else,R5,,,,,
3303,KQDX6,R7,R7,,,,,
3304,KQDX6,R5,R3,,,,,
3305,KQDX6,R7,R5,,,,,
3306,7KHIH,R5,R7,,,,,
3307,GM3UK,Else,R5,,,,,
3308,GM3UK,Else,Else,,,,,
3309,EXW9K,Else,Else,,,,,
3310,RS6EK,Else,Else,,,,,
3311,9VF2C,R5,R7,,,,,
3312,9VF2C,R7,R7,,,,,
3313,WSKTN,Else,R5,,,,,
3314,32K2C,Else,Else,,,,,
3315,D6MZ4,Else,R3,,,,,
3316,LG7WK,R5,R3,,,,,
3317,LG7WK,Else,Else,,,,,
3318,LG7WK,Else,Else,,,,,
3319,5NG6Q,Else,Else,,,,,
3320,5NG6Q,Else,R3,,,,,
3321,5NG6Q,Else,R3,,,,,
3322,MOTWW,Else,Else,,,,,
3323,LLE9B,R5,R7,,,,,
3324,LLE9B,Else,R7,,,,,
3325,LLE9B,R5,R5,,,,,
3326,LLE9B,R5,R5,,,,,
3327,LLE9B,Else,R3,,,,,
3328,LLE9B,R7,R5,,,,,
3329,WM2J7,R7,R3,,,,,
3330,WM2J7,R7,R7,,,,,
3331,WM2J7,R5,R7,,,,,
3332,WM2J7,Else,R5,,,,,
3333,WM2J7,R7,R7,,,,,
3334,GFJ98,Else,Else,,,,,
3335,UEVVN,R3,R3,,,,,
3336,1FX8Q,R3,Else,,,,,
3337,OWCJT,R7,R5,,,,,
3338,BVDIM,R5,R7,,,,,
3339,BVDIM,Else,Else,,,,,
3340,OKIVH,Else,Else,,,,,
3341,OQ54Y,R3,R3,,,,,
3342,OQ54Y,Else,R5,,,,,
3343,OQ54Y,R5,R5,,,,,
3344,OQ54Y,Else,Else,,,,,
3345,OQ54Y,Else,Else,,,,,
3346,5I5E5,R7,R5,,,,,
3347,GS3M4,R7,R5,,,,,
3348,TYWHY,Else,Else,,,,,
3349,TYWHY,R3,Else,,,,,
3350,TYWHY,R7,R7,,,,,
3351,TYWHY,R7,R7,,,,,
3352,TYWHY,R7,R7,,,,,
3353,TYWHY,Else,Else,,,,,
3354,TYWHY,Else,Else,,,,,
3355,TYWHY,Else,R7,,,,,
3356,TYWHY,R3,Else,,,,,
3357,TYWHY,R7,Else,,,,,
3358,ZBBOO,R5,R7,,,,,
3359,XF2ZM,R7,R5,,,,,
3360,XF2ZM,R3,R5,,,,,
3361,OGLCO,Else,Else,,,,,
3362,OGLCO,R3,Else,,,,,
3363,OGLCO,Else,Else,,,,,
3364,OGLCO,R7,R7,,,,,
3365,DAA3F,R3,R3,,,,,
3366,DAA3F,Else,Else,,,,,
3367,DAA3F,Else,Else,,,,,
3368,DAA3F,Else,Else,,,,,
3369,DAA3F,R5,R5,,,,,
3370,PRH15,Else,R3,,,,,
3371,KOQGE,Else,Else,,,,,
3372,6IL0C,Else,R3,,,,,
3373,6IL0C,R5,R7,,,,,
3374,6IL0C,R5,R5,,,,,
3375,UYZKX,R7,R7,,,,,
3376,X07QW,R7,R7,,,,,
3377,X07QW,R3,R5,,,,,
3378,X07QW,R3,R3,,,,,
3379,81VSN,Else,Else,,,,,
3380,OE243,R7,R5,,,,,
3381,OE243,R5,Else,,,,,
3382,OE243,R7,R7,,,,,
3383,OE243,R3,Else,,,,,
3384,NX8X9,R7,Else,,,,,
3385,NX8X9,Else,Else,,,,,
3386,NX8X9,R5,R5,,,,,
3387,NX8X9,R3,R3,,,,,
3388,LXLW4,R3,R5,,,,,
3389,3JCEI,Else,Else,,,,,
3390,3JCEI,R3,R3,,,,,
3391,3JCEI,R5,R3,,,,,
3392,3JCEI,R5,R7,,,,,
3393,3JCEI,R5,R5,,,,,
3394,QZZPS,R7,R7,,,,,
3395,QZZPS,R5,R5,,,,,
3396,QZZPS,Else,Else,,,,,
3397,PSAVM,R3,Else,,,,,
3398,PSAVM,Else,R3,,,,,
3399,PSAVM,Else,R7,,,,,
3400,PSAVM,R7,R7,,,,,
3401,PSAVM,R7,R7,,,,,
3402,M6HAF,R7,R7,,,,,
3403,M6HAF,R7,R7,,,,,
3404,HLB3J,R3,Else,,,,,
3405,0UPBN,R5,R7,,,,,
3406,0UPBN,R5,R7,,,,,
3407,0UPBN,R7,R7,,,,,
3408,NUW9G,R7,R7,,,,,
3409,QLFR5,R5,Else,,,,,
3410,5P284,R5,R7,,,,,
3411,5P284,R5,R3,,,,,
3412,C1DK7,R7,R7,,,,,
3413,C1DK7,R7,R7,,,,,
3414,C1DK7,R7,R7,,,,,
3415,C1DK7,R7,R7,,,,,
3416,C1DK7,R3,R3,,,,,
3417,STHIK,R3,R7,,,,,
3418,STHIK,R7,R7,,,,,
3419,STHIK,Else,R5,,,,,
3420,STHIK,R3,Else,,,,,
3421,STHIK,Else,Else,,,,,
3422,FB3ZG,R7,R7,,,,,
3423,6CAZU,R5,R3,,,,,
3424,6CAZU,R5,R5,,,,,
3425,75F82,R7,R7,,,,,
3426,75F82,R7,R7,,,,,
3427,75F82,R7,R7,,,,,
3428,75F82,R7,R7,,,,,
3429,C4MUA,R5,R5,,,,,
3430,M4FOP,R5,R5,,,,,
3431,M4FOP,R5,R7,,,,,
3432,1VRH1,R5,R7,,,,,
3433,1VRH1,Else,Else,,,,,
3434,1VRH1,R5,R5,,,,,
3435,1VRH1,Else,Else,,,,,
3436,1VRH1,R5,R7,,,,,
3437,1VRH1,R7,R7,,,,,
3438,9PXI9,R5,R7,,,,,
3439,UETQS,R7,R3,,,,,
3440,UETQS,R7,R7,,,,,
3441,UETQS,R7,R7,,,,,
3442,UETQS,R7,R5,,,,,
3443,UETQS,R7,R7,,,,,
3444,5UNMN,R7,R7,,,,,
3445,VJVHM,R3,R7,,,,,
3446,VJVHM,Else,Else,,,,,
3447,AWN1C,R3,R5,,,,,
3448,AWN1C,R5,R5,,,,,
3449,AWN1C,R3,R5,,,,,
3450,3CLVI,Else,R5,,,,,
3451,3CLVI,Else,R5,,,,,
3452,3CLVI,Else,R5,,,,,
3453,CS7HY,R3,R5,,,,,
3454,CS7HY,R5,Else,,,,,
3455,CS7HY,R5,R7,,,,,
3456,CS7HY,R5,R7,,,,,
3457,CS7HY,R3,R5,,,,,
3458,IAEGA,Else,Else,,,,,
3459,ZNQVC,R7,R7,,,,,
3460,ZNQVC,R7,Else,,,,,
3461,ZNQVC,Else,Else,,,,,
3462,ZNQVC,Else,Else,,,,,
3463,ZNQVC,R7,R7,,,,,
3464,ZNQVC,Else,Else,,,,,
3465,47Y1V,R5,R7,,,,,
3466,B0SV3,R5,R3,,,,,
3467,B0SV3,R7,R7,,,,,
3468,B0SV3,R7,R3,,,,,
3469,B0SV3,Else,Else,,,,,
3470,F1LTO,R7,R5,,,,,
3471,F1LTO,R5,R7,,,,,
3472,F1LTO,R3,R5,,,,,
3473,F1LTO,Else,R7,,,,,
3474,OSK3Y,Else,Else,,,,,
3475,DGHSW,R3,R7,,,,,
3476,DGHSW,R5,R7,,,,,
3477,DGHSW,R7,R5,,,,,
3478,06LBQ,Else,Else,,,,,
3479,06LBQ,Else,Else,,,,,
3480,ALJ7B,R7,R7,,,,,
3481,ALJ7B,R7,R7,,,,,
3482,ALJ7B,R7,R5,,,,,
3483,QZ1BS,R7,R7,,,,,
3484,QZ1BS,R3,R3,,,,,
3485,Z7KC1,R5,Else,,,,,
3486,Z7KC1,R5,R5,,,,,
3487,Z7KC1,R5,R3,,,,,
3488,Z7KC1,R3,R3,,,,,
3489,4H935,R7,R5,,,,,
3490,4H935,Else,R5,,,,,
3491,4H935,Else,R5,,,,,
3492,4H935,Else,R3,,,,,
3493,4H935,R7,R7,,,,,
3494,O76GM,R3,R3,,,,,
3495,O76GM,Else,Else,,,,,
3496,O76GM,R5,R3,,,,,
3497,O76GM,Else,Else,,,,,
3498,FLBS9,R5,R3,,,,,
3499,IV1S7,R7,R5,,,,,
3500,IV1S7,R5,R5,,,,,
3501,IV1S7,R5,R3,,,,,
3502,D04GX,R7,R7,,,,,
3503,D04GX,Else,Else,,,,,
3504,D04GX,Else,R3,,,,,
3505,D04GX,Else,Else,,,,,
3506,D04GX,Else,R5,,,,,
3507,D01MJ,R7,R7,,,,,
3508,D01MJ,R5,R3,,,,,
3509,5.00E+07,R5,R5,,,,,
3510,5.00E+07,R3,R3,,,,,
3511,5.00E+07,R7,R5,,,,,
3512,P5YNX,R7,R7,,,,,
3513,P5YNX,R7,R7,,,,,
3514,P5YNX,R7,R7,,,,,
3515,6U47G,R7,R7,,,,,
3516,R4SJJ,R3,R5,,,,,
3517,R4SJJ,R7,R5,,,,,
3518,R4SJJ,R5,R7,,,,,
3519,GA7SB,R5,R7,,,,,
3520,GA7SB,Else,Else,,,,,
3521,GA7SB,Else,Else,,,,,
3522,GA7SB,R7,R7,,,,,
3523,GA7SB,R7,R7,,,,,
3524,0M0T4,R3,R5,,,,,
3525,0M0T4,R3,R3,,,,,
3526,0M0T4,Else,Else,,,,,
3527,N5PLR,R7,R7,,,,,
3528,EG0VZ,R7,R7,,,,,
3529,EG0VZ,R5,R5,,,,,
3530,SSPMK,Else,Else,,,,,
3531,SSPMK,R3,R5,,,,,
3532,GMLPK,Else,R5,,,,,
3533,72LJ3,R5,R7,,,,,
3534,72LJ3,R7,R5,,,,,
3535,72LJ3,Else,Else,,,,,
3536,EEGGA,Else,Else,,,,,
3537,EEGGA,Else,Else,,,,,
3538,EEGGA,R3,R7,,,,,
3539,MLWB5,Else,R7,,,,,
3540,MLWB5,R3,R7,,,,,
3541,0HGNK,R3,Else,,,,,
3542,0HGNK,Else,Else,,,,,
3543,0HGNK,Else,Else,,,,,
3544,0HGNK,Else,R5,,,,,
3545,0HGNK,Else,Else,,,,,
3546,2CJC9,R3,Else,,,,,
3547,2CJC9,Else,Else,,,,,
3548,2CJC9,R7,R7,,,,,
3549,OK6BF,Else,Else,,,,,
3550,8CCEV,R5,R7,,,,,
3551,8CCEV,R5,R5,,,,,
3552,8CCEV,Else,Else,,,,,
3553,8CCEV,Else,Else,,,,,
3554,8CCEV,Else,R5,,,,,
3555,8CCEV,R5,R3,,,,,
3556,SUE5L,Else,Else,,,,,
3557,R5O7F,Else,Else,,,,,
3558,R5O7F,R5,R7,,,,,
3559,R5O7F,R7,R7,,,,,
3560,R5O7F,R7,Else,,,,,
3561,R5O7F,Else,Else,,,,,
3562,R5O7F,R7,Else,,,,,
3563,Y50QF,R5,R7,,,,,
3564,Y50QF,R5,R5,,,,,
3565,Y50QF,R7,R5,,,,,
3566,Y50QF,R5,R5,,,,,
3567,WZDXS,R7,R7,,,,,
3568,WZDXS,Else,R3,,,,,
3569,VEH0A,Else,Else,,,,,
3570,VEH0A,Else,R3,,,,,
3571,VEH0A,Else,Else,,,,,
3572,VEH0A,R7,R3,,,,,
3573,VEH0A,Else,Else,,,,,
3574,5WS7U,R5,R5,,,,,
3575,5WS7U,Else,Else,,,,,
3576,5WS7U,R5,R5,,,,,
3577,2OJY8,R3,R7,,,,,
3578,2OJY8,R7,R7,,,,,
3579,2OJY8,R5,Else,,,,,
3580,2OJY8,R5,R5,,,,,
3581,SPF63,Else,R5,,,,,
3582,SPF63,R7,R7,,,,,
3583,SPF63,R7,R7,,,,,
3584,SPF63,R3,R7,,,,,
3585,Y665P,R7,R3,,,,,
3586,Y665P,R5,Else,,,,,
3587,Y665P,Else,Else,,,,,
3588,4VJDU,R3,R7,,,,,
3589,4VJDU,R5,R7,,,,,
3590,Y4GHN,R5,R5,,,,,
3591,RKOOJ,R7,R7,,,,,
3592,RKOOJ,R5,R5,,,,,
3593,Q948H,Else,Else,,,,,
3594,Q948H,Else,Else,,,,,
3595,Q948H,R3,R5,,,,,
3596,Q948H,Else,Else,,,,,
3597,OPMF7,R5,R5,,,,,
3598,OPMF7,R3,Else,,,,,
3599,VINM0,R5,R7,,,,,
3600,VINM0,R3,R7,,,,,
3601,VINM0,R3,R7,,,,,
3602,VINM0,R7,R5,,,,,
3603,VINM0,R7,R3,,,,,
3604,6JLD4,R5,R5,,,,,
3605,6JLD4,R7,R7,,,,,
3606,6JLD4,R5,Else,,,,,
3607,6JLD4,Else,Else,,,,,
3608,6JLD4,R5,Else,,,,,
3609,PEWH4,R5,R3,,,,,
3610,PEWH4,R7,R3,,,,,
3611,J95U1,R3,R7,,,,,
3612,J95U1,R3,Else,,,,,
3613,K6W5I,R5,R3,,,,,
3614,K6W5I,R7,R7,,,,,
3615,K6W5I,R5,R5,,,,,
3616,PS7XK,Else,Else,,,,,
3617,WZZPC,R3,R7,,,,,
3618,WZZPC,Else,R3,,,,,
3619,BZ5N5,Else,R5,,,,,
3620,O6DJW,R3,R7,,,,,
3621,SKZUG,R5,R7,,,,,
3622,SKZUG,Else,Else,,,,,
3623,SKZUG,R5,R7,,,,,
3624,SKZUG,R5,R7,,,,,
3625,LFPWI,R7,R7,,,,,
3626,LFPWI,R5,R7,,,,,
3627,LFPWI,R7,R7,,,,,
3628,LFPWI,R5,R7,,,,,
3629,LFPWI,R7,R7,,,,,
3630,LFPWI,R7,R7,,,,,
3631,WWL0K,R7,R7,,,,,
3632,WWL0K,R7,R7,,,,,
3633,WWL0K,Else,R7,,,,,
3634,WWL0K,R7,R7,,,,,
3635,10M0F,Else,R5,,,,,
3636,10M0F,R5,R5,,,,,
3637,ZFT06,Else,Else,,,,,
3638,ZFT06,Else,Else,,,,,
3639,ZFT06,R5,Else,,,,,
3640,APLZS,R3,R5,,,,,
3641,APLZS,R5,R5,,,,,
3642,9O0NP,R3,R3,,,,,
3643,9O0NP,Else,R7,,,,,
3644,9O0NP,R7,R7,,,,,
3645,9O0NP,R7,R7,,,,,
3646,BPT87,R7,R7,,,,,
3647,BPT87,Else,Else,,,,,
3648,BPT87,R7,R7,,,,,
3649,BPT87,R7,R5,,,,,
3650,BPT87,R7,R7,,,,,
3651,GL7E6,R3,R3,,,,,
3652,GL7E6,R3,R3,,,,,
3653,GL7E6,R7,R5,,,,,
3654,GL7E6,R5,R3,,,,,
3655,P4SB9,R7,R5,,,,,
3656,P4SB9,R7,R7,,,,,
3657,P4SB9,R5,R7,,,,,
3658,WC5QK,Else,Else,,,,,
3659,Y79PC,R7,R7,,,,,
3660,Y79PC,R7,Else,,,,,
3661,Y79PC,Else,R5,,,,,
3662,08LOY,R7,R5,,,,,
3663,VRXQX,R7,R3,,,,,
3664,VRXQX,R3,R5,,,,,
3665,C6N6Y,Else,R7,,,,,
3666,BO12I,R7,R5,,,,,
3667,BO12I,R7,R7,,,,,
3668,120YL,R3,R5,,,,,
3669,120YL,R3,R3,,,,,
3670,120YL,R3,R7,,,,,
3671,120YL,R3,R7,,,,,
3672,120YL,R3,R7,,,,,
3673,120YL,R3,R3,,,,,
3674,120YL,R7,R5,,,,,
3675,120YL,Else,R5,,,,,
3676,MK16R,Else,Else,,,,,
3677,MK16R,R5,R3,,,,,
3678,H032R,R7,R5,,,,,
3679,H032R,R7,R7,,,,,
3680,LUQWY,R3,R3,,,,,
3681,KV6V8,Else,Else,,,,,
3682,07TCM,R7,R5,,,,,
3683,07TCM,R7,R3,,,,,
3684,07TCM,R7,R7,,,,,
3685,07TCM,R5,R5,,,,,
3686,07TCM,R5,R5,,,,,
3687,RFH6M,R7,R5,,,,,
3688,RFH6M,R7,R5,,,,,
3689,RFH6M,R7,R5,,,,,
3690,RFH6M,Else,R5,,,,,
3691,7IPW7,R7,R7,,,,,
3692,7IPW7,R7,R7,,,,,
3693,H0Q6V,R7,R7,,,,,
3694,H0Q6V,R7,R7,,,,,
3695,CUHT0,Else,Else,,,,,
3696,CUHT0,R5,R7,,,,,
3697,CUHT0,Else,R5,,,,,
3698,FJYZH,R7,R7,,,,,
3699,FJYZH,R7,Else,,,,,
3700,FJYZH,R5,R7,,,,,
3701,FJYZH,R3,R3,,,,,
3702,FJYZH,R7,R7,,,,,
3703,M18XP,R7,R7,,,,,
3704,M18XP,R5,R5,,,,,
3705,ZC59Y,R7,R7,,,,,
3706,FSOFF,R7,R7,,,,,
3707,FSOFF,R7,R7,,,,,
3708,4KK20,R5,Else,,,,,
3709,4KK20,Else,Else,,,,,
3710,4KK20,Else,Else,,,,,
3711,4KK20,R5,Else,,,,,
